latitude,longitude,sn,no,ccmaName,ccbaMnm1,ccbaMnm2,ccbaCtcdNm,ccsiName,ccbaAdmin,ccbaKdcd,ccbaCtcd,ccbaAsno,ccbaCncl,ccbaCpno,regDt
35.1046988,129.0193361,1,199,국보,심지백 개국원종공신녹권,沈之伯 開國原從功臣錄券,부산,서구,동아대학교박물관,11,21,0000690000000,N,1112100690000,2025-06-26 18:46:08
35.1906,129.0529875,2,200,국보,조선왕조실록 태백산사고본,朝鮮王朝實錄 太白山史庫本,부산,연제구,국가기록원 역사기록관,11,21,0001510000200,N,1112101510200,2025-06-26 18:46:08
35.1295217022496,129.09414818121,3,201,국보,금동보살입상(1979),金銅菩薩立像(1979),부산,남구,부산시립박물관,11,21,0002000000000,N,1112102000000,2025-06-26 18:46:08
0,0,4,16778,국보,산청 석남암사지 석조비로자나불좌상 활석사리호,山淸 石南巖寺址 石造毘盧遮那佛坐像 滑石舍利壺,부산,남구,부산시립박물관,11,21,0002330000200,N,1112102330000,2026-05-19 10:55:03
0,0,5,15326,국보,동궐도(1995),東闕圖(1995),부산,서구,동아대학교박물관,11,21,0002490000200,N,1112102490200,2025-06-26 18:02:47
0,0,6,165,국보,청자 음각연화문 유개매병,靑磁 陰刻蓮花文 有蓋梅甁,부산,금정구,현＊＊＊,11,21,0002540000000,N,1111102540000,2025-06-26 18:04:03
0,0,7,176,국보,백자 청화산수화조문 항아리,白磁 靑畵山水花鳥文 立壺,부산,해운대구,진＊＊＊,11,21,0002630000000,N,1111102630000,2026-01-15 11:25:04
0,0,8,20076,국보,삼국유사 권4~5,三國遺事 卷四~五,부산,금정구,대한불교조계종 범어사,11,21,0003060000400,N,1112103060400,2025-06-26 18:02:50
35.2840296177467,129.068414124906,9,1122,보물,부산 범어사 삼층석탑,釜山 梵魚寺 三層石塔,부산,금정구,범어사,12,21,0002500000000,N,1122102500000,2026-01-26 15:55:06
35.1216423,129.0201433,10,1123,보물,감지은니 묘법연화경 권3,紺紙銀泥 妙法蓮華經 卷三,부산,서구,동아대학교박물관,12,21,0002690000300,N,1122102690300,2025-06-26 18:46:15
35.2839341358245,129.068144199838,11,1125,보물,부산 범어사 대웅전,釜山 梵魚寺 大雄殿,부산,금정구,범어사,12,21,0004340000000,N,1122104340000,2026-01-27 09:25:09
35.1046988,129.0193361,12,1126,보물,안중근의사 유묵 - 견리사의견위수명,安重根義士 遺墨 - 見利思義見危授命,부산,서구,동아대학교박물관,12,21,0005690000600,N,1122105690600,2025-06-26 18:04:05
0,0,13,1127,보물,안중근의사 유묵 - 고막고어자시,安重根義士 遺墨 - 孤莫孤於自恃,부산,동구,신＊＊＊,12,21,0005690001600,N,1122105691600,2025-06-26 18:04:05
0,0,14,540,보물,박만정 해서암행일기,朴萬鼎 海西暗行日記,부산,해운대구,진＊＊＊,12,21,0005740000000,N,1121105740000,2026-03-16 11:25:02
0,0,15,552,보물,허목 전서 애군우국,許穆 篆書 愛君憂國,부산,남구,남＊＊＊,12,21,0005920000300,N,1121105920301,2025-06-26 18:46:11
35.1046988,129.0193361,16,1128,보물,자수 초충도 병풍,刺繡 草蟲圖 屛風,부산,서구,동아대학교박물관,12,21,0005950000000,N,1122105950000,2025-06-26 18:46:13
35.1046988,129.0193361,17,1130,보물,토기 융기문 발,土器 隆起文 鉢,부산,서구,동아대학교박물관,12,21,0005970000000,N,1122105970000,2025-06-26 18:46:12
35.1046988,129.0193361,18,1131,보물,도기 말머리장식 뿔잔,陶器 馬頭飾 角杯,부산,서구,국립김해박물관,12,21,0005980000000,N,1122105980000,2025-06-26 18:46:11
35.1046988,129.0193361,19,1132,보물,쌍자총통,雙字銃筒,부산,서구,동아대학교박물관,12,21,0005990000000,N,1122105990000,2025-06-26 18:46:13
0,0,20,632,보물,묘법연화경 권7(1981-1),妙法蓮華經 卷七(1981-1),부산,금정구,허＊＊＊,12,21,0006920000100,N,1121106920100,2026-01-06 13:25:02
35.1046988,129.0193361,21,1134,보물,의령 보리사지 금동여래입상,宜寧 菩提寺址 金銅如來立像,부산,서구,동아대학교박물관,12,21,0007310000000,N,1122107310000,2025-07-23 15:55:02
35.1046988,129.0193361,22,1135,보물,조대비 사순칭경진하도 병풍,趙大妃 四旬稱慶陳賀圖 屛風,부산,서구,동아대학교박물관,12,21,0007320000000,N,1122107320000,2025-08-08 13:55:02
35.1046988,129.0193361,23,1136,보물,헌종가례진하도 병풍(1982),憲宗嘉禮陳賀圖 屛風(1982),부산,서구,동아대학교박물관,12,21,0007330000100,N,1122107330000,2025-06-26 18:46:12
35.1046988,129.0193361,24,1137,보물,지자총통(1986-2),地字銃筒(1986-2),부산,서구,동아대학교박물관,12,21,0008630000000,N,1122108630000,2025-06-26 18:46:13
0,0,25,1138,보물,주범망경(2007),注梵網經(2007),부산,금정구,범어사,12,21,0008940000200,N,1122108940200,2025-06-26 18:46:14
0,0,26,16504,보물,진실주집(2015),眞實珠集(2015),부산,부산진구,삼광사,12,21,0009210000300,N,1122609210300,2025-07-11 14:55:02
0,0,27,2643,보물,묘법연화경 권4~7(2013),妙法蓮華經 卷四~七(2013),부산,영도구,법화사,12,21,0009610000200,N,1123809610200,2025-06-26 18:02:48
0,0,28,826,보물,백지금니 대방광불화엄경 주본 권29,白紙金泥 大方廣佛華嚴經 周本 卷二十九,부산,연제구,진＊＊＊,12,21,0009780000000,N,1121109780000,2026-03-16 11:25:02
0,0,29,837,보물,청자 상감운학국화문 표주박모양 주전자 및 승반,靑磁 象嵌雲鶴菊花文 瓢形 注子 및 承盤,부산,해운대구,진＊＊＊,12,21,0010330000000,N,1121110330000,2026-01-15 10:55:03
0,0,30,838,보물,청자 상감연판문 매병,靑磁 象嵌蓮瓣文 梅甁,부산,연제구,진＊＊＊,12,21,0010340000000,N,1121110340000,2026-04-01 16:55:02
0,0,31,890,보물,불설장수멸죄호제동자다라니경,佛說長壽滅罪護諸童子陀羅尼經,부산,강서구,수＊＊＊,12,21,0010920000000,N,1121110920000,2025-06-26 18:04:05
0,0,32,892,보물,인천안목(1991),人天眼目(1991),부산,기장군,묘관음사,12,21,0010940000000,N,1121110940000,2025-08-13 15:55:02
0,0,33,17017,보물,묘법연화경 권5~7(2016),妙法蓮華經 卷五~七(2016),부산,중구,대각사,12,21,0011470000300,N,1121111470300,2025-07-16 09:55:03
0,0,34,20409,보물,예념미타도량참법 권1∼5,禮念彌陀道場懺法 卷一∼五,부산,금정구,대한불교조계종 범어사(성보박물관),12,21,0011650000200,N,1122111650200,2026-03-13 10:25:02
0,0,35,931,보물,박문수 초상(2006),朴文秀 肖像(2006),부산,동구,신＊＊＊,12,21,0011890000200,N,1121111890200,2025-06-26 18:04:05
0,0,36,16438,보물,"대방광원각수다라요의경(언해) 권하1의1~2, 2의1~2","大方廣圓覺脩多羅了義經(諺解) 卷下一의一~二, 二의一~二",부산,사하구,대한불교조계종 관음사,12,21,0012190000300,N,1122112190300,2025-10-14 14:25:02
35.2429921,129.0922773,37,1141,보물,불조삼경(2007),佛祖三經(2007),부산,금정구,범어사,12,21,0012240000200,N,1122112240200,2025-07-07 15:25:03
0,0,38,17216,보물,자치통감 권57~60,資治通鑑 卷五十七~六十,부산,금정구,허＊＊＊,12,21,0012810000500,N,1122112810500,2026-01-06 13:25:01
35.2837157445521,129.069674503423,39,1144,보물,부산 범어사 조계문,釜山 梵魚寺 曹溪門,부산,금정구,범어사,12,21,0014610000000,N,1122114610000,2026-01-27 14:55:23
0,0,40,1145,보물,조선후기 문인 초상,朝鮮後期 文人 肖像,부산,남구,신＊＊＊,12,21,0014980000000,N,1122114980000,2025-06-26 18:46:15
35.1295217022496,129.09414818121,41,1146,보물,이덕성 초상 및 관련 자료 일괄,李德成 肖像 및 關聯 資料 一括,부산,남구,부산시립박물관,12,21,0015010000000,N,1122115010000,2025-06-26 18:46:14
0,0,42,16506,보물,대방광원각수다라요의경,大方廣圓覺修多羅了義經,부산,부산진구,삼광사,12,21,0015180000200,N,1122615180200,2024-04-24 10:29:03
35.1046988,129.0193361,43,1147,보물,영산회상도,靈山會上圖,부산,서구,동아대학교박물관,12,21,0015220000000,N,1122115220000,2025-06-26 18:46:15
35.2429921,129.0922773,44,1148,보물,금장요집경 권1~2,金藏要集經 卷一~二,부산,금정구,범어사,12,21,0015250000000,N,1122115250000,2025-06-26 18:46:14
35.2429921,129.0922773,45,1149,보물,부산 범어사 목조석가여래삼존좌상,釜山 梵魚寺 木造釋迦如來三尊坐像,부산,금정구,범어사,12,21,0015260000000,N,1122115260000,2025-06-26 18:46:14
35.2357852442956,129.081358714712,46,1150,보물,목장지도(2008-2),牧場地圖(2008-2),부산,금정구,부산대학교도서관,12,21,0015950000200,N,1122115950200,2025-06-28 16:25:03
0,0,47,1151,보물,경상총여도,慶尙摠輿圖,부산,남구,신＊＊＊,12,21,0015990000000,N,1122115990000,2025-06-26 18:46:14
0,0,48,1152,보물,예안 김씨 가전 계회도 일괄,禮安 金氏 家傳 契會圖 一括,부산,동구,신＊＊＊,12,21,0016160000000,N,1122116160000,2025-06-26 18:46:15
0,0,49,1153,보물,부산 국청사 청동북,釜山 國淸寺 靑銅金鼓,부산,금정구,국청사,12,21,0017330000000,N,1122117330000,2026-04-20 15:25:02
35.3748660456851,129.232886808482,50,1154,보물,기장 장안사 대웅전,機張 長安寺 大雄殿,부산,기장군,장안사,12,21,0017710000000,N,1122117710000,2025-12-06 22:55:02
0,0,51,1155,보물,칠태부인경수연도,七太夫人慶壽宴圖,부산,남구,부산시립박물관,12,21,0018090000000,N,1122118090000,2025-06-26 18:46:12
0,0,52,1156,보물,황리현명 청동북,黃利縣銘 靑銅金鼓,부산,서구,동아대학교박물관,12,21,0018100000000,N,1122118100000,2025-06-26 18:46:12
0,0,53,15323,보물,기장 장안사 석조석가여래삼불좌상,機張 長安寺 石造釋迦如來三佛坐像,부산,기장군,장안사,12,21,0018240000000,N,1122118240000,2025-12-06 22:55:02
0,0,54,16698,보물,고려 십육나한도(제7 가리가존자),高麗 十六羅漢圖(第七 迦理迦尊者),부산,수영구,현＊＊＊,12,21,0018820000100,N,1122118820100,2025-06-26 18:02:49
35.1835699900739,129.012699021903,55,16715,보물,부산 운수사 대웅전,釜山 雲水寺 大雄殿,부산,사상구,운수사,12,21,0018960000000,N,1122118960000,2025-06-26 18:02:49
0,0,56,16760,보물,조선왕조의궤(2016-6),朝鮮王朝儀軌(2016-6),부산,금정구,한국순교자박물관,12,21,0019010000600,N,1122119010600,2025-06-26 18:02:49
0,0,57,17013,보물,양산 금조총 출토 유물 일괄,梁山 金鳥塚 出土 遺物 一括,부산,서구,국립김해박물관,12,21,0019210000000,N,1122119210000,2025-06-26 18:02:49
0,0,58,17095,보물,김윤겸 필 영남기행화첩,金允謙 筆 嶺南紀行畵帖,부산,서구,동아대학교박물관,12,21,0019290000000,N,1122119290000,2025-06-26 18:02:49
0,0,59,17217,보물,재조본 사분율 권47~50,再雕本 四分律 卷四十七~五十,부산,서구,대＊＊＊,12,21,0019430000000,N,1122119430000,2025-06-26 18:02:49
0,0,60,18182,보물,부산 복천동 22호분 출토 청동칠두령,釜山 福泉洞 二十二號墳 出土 靑銅七頭鈴,부산,동래구,국립김해박물관,12,21,0020190000000,N,1122120190000,2025-06-26 18:02:50
0,0,61,18184,보물,부산 복천동 38호분 출토 철제갑옷 일괄,釜山 福泉洞 三十八號墳 出土 鐵製甲冑 一括,부산,동래구,국립김해박물관,12,21,0020200000000,N,1122120200000,2025-06-26 18:02:50
0,0,62,19858,보물,관북여지도,關北輿地圖,부산,서구,동아대학교박물관,12,21,0020610000000,N,1122120610000,2025-06-26 18:02:50
0,0,63,19996,보물,백자 항아리,白磁 大壺,부산,남구,부산시립박물관,12,21,0020640000000,N,1122120640000,2025-06-26 18:02:50
0,0,64,20162,보물,신구공신상회제명지도 병풍,新舊功臣相會題名之圖 屛風,부산,서구,동아대학교박물관,12,21,0020800000000,N,1122120800000,2025-08-18 17:25:06
0,0,65,20163,보물,김해 양동리 322호분 출토 목걸이,金海 良洞里 三百二十二號墳 出土 頸飾,부산,부산진구,국립김해박물관,12,21,0020830000000,N,1122120830000,2025-11-03 09:55:03
0,0,66,20274,보물,고려사(2021-6),高麗史(2021-6),부산,서구,동아대학교박물관,12,21,0021150000400,N,1122121150400,2025-08-13 13:55:09
0,0,67,20939,보물,대방광불화엄경소 권88,大方廣佛華嚴經疏 卷八十八,부산,서구,동아대학교박물관,12,21,0021970000000,N,1122121970000,2025-06-26 18:02:45
0,0,68,21046,보물,수능엄경의해 권9∼15,首楞嚴經義海 卷9∼15,부산,금정구,허＊＊＊,12,21,0022140000000,N,1122122140000,2026-01-06 13:25:03
0,0,69,21111,보물,기장 고불사 영산회상도,機張 古佛寺 靈山會上圖,부산,금정구,대한불교조계종 범어사(성보박물관),12,21,0022220000000,N,1122122220000,2026-05-14 23:55:02
0,0,70,21307,보물,금강반야경소론찬요조현록(2024),金剛般若經疏論纂要助顯錄(2024),부산,강서구,재단법인 선학원 수능엄사,12,21,0022460000000,N,1122122460000,2025-06-26 18:02:45
0,0,71,21308,보물,예념미타도량참법 권6∼10,禮念彌陀道場懺法 卷六∼十,부산,사상구,대한불교법화종 선광사,12,21,0022470000000,N,1122122470000,2025-06-26 18:02:45
0,0,72,22057,보물,고려 오백나한도(2025),高麗 五百羅漢圖(2025),부산,동구,신＊＊＊,12,21,0022990000000,N,1122510290002,2025-11-20 11:25:02
35.1972800194911,129.088811795659,73,2955,사적,부산 동래 패총,釜山 東萊 貝塚,부산,동래구,부산 동래구,13,21,0001920000000,N,1332101920000,2026-02-23 14:25:02
35.2542161326126,129.053618571506,74,2956,사적,금정산성,金井山城,부산,금정구,부산 금정구,13,21,0002150000000,N,1332102150000,2025-06-26 18:46:09
35.07043957377,129.079887368829,75,2957,사적,부산 동삼동 패총,釜山 東三洞 貝塚,부산,영도구,부산 영도구,13,21,0002660000000,N,1332102660000,2025-12-06 23:55:02
35.2066638743056,129.090554973778,76,2958,사적,부산 복천동 고분군,釜山 福泉洞 古墳群,부산,동래구,부산시립박물관,13,21,0002730000000,N,1332102730000,2025-06-26 18:46:09
35.1866781581466,129.091546267607,77,17182,사적,부산 연산동 고분군,釜山 蓮山洞 古墳群,부산,연제구,부산 연제구,13,21,0005390000000,N,1332105390000,2023-07-04 07:25:02
35.1034862919987,129.017372409204,78,18075,사적,부산 임시수도 대통령관저,,부산,서구,부산근현대역사관,13,21,0005460000000,N,1332105460000,2023-04-11 17:25:01
35.0531,129.08718,79,3418,명승,부산 영도 태종대,釜山 影島 太宗臺,부산,영도구,영도구,15,21,0000170000000,N,1352100170000,2025-12-06 23:55:02
35.099664,129.123237,80,3419,명승,부산 오륙도,釜山 五六島,부산,남구,부산시 남구,15,21,0000240000000,N,1352100240000,2025-12-06 22:55:02
35.1779274720794,129.061685057159,81,3544,천연기념물,부산 양정동 배롱나무,釜山 楊亭洞 배롱나무,부산,부산진구,동래정씨문중,16,21,0001680000000,N,1362101680000,2025-10-10 21:55:02
35.2824561269873,129.071341472407,82,3545,천연기념물,부산 범어사 등나무군락,釜山 梵魚寺 藤나무群落,부산,금정구,부산시 금정구,16,21,0001760000000,N,1362101760000,2026-02-03 17:55:06
35.085611416387,128.908107840036,83,3546,천연기념물,낙동강 하류 철새 도래지,洛東江 下流 철새 渡來地,부산,(특정 불가),부산광역시,16,21,0001790000000,N,1362101790000,2026-01-30 11:25:02
35.1638,129.0708,84,3548,천연기념물,부산 전포동 구상반려암,釜山 田浦洞 球狀斑糲岩,부산,부산진구,부산시 진구,16,21,0002670000000,N,1362102670000,2025-10-10 21:55:02
35.1704576804001,129.114885174876,85,3549,천연기념물,부산 좌수영성지 곰솔,釜山 左水營城地 곰솔,부산,수영구,부산시 수영구,16,21,0002700000000,N,1362102700000,2025-12-15 16:55:24
35.2044428070052,129.007460968082,86,3550,천연기념물,부산 구포동 당숲,釜山 龜浦洞 당숲,부산,북구,부산시 북구,16,21,0003090000000,N,1362103090000,2026-01-07 14:55:05
35.1702018849729,129.114473502534,87,3551,천연기념물,부산 좌수영성지 푸조나무,釜山 左水營城地 푸조나무,부산,수영구,부산시 수영구,16,21,0003110000000,N,1362103110000,2026-01-07 15:55:02
35.2246376383103,129.078472846537,88,2778,국가무형유산,동래야류,東萊野遊,부산,동래구,(사)국가무형문화재 동래야류보존회,17,21,0000180000000,N,1272100180000,2026-04-08 15:55:02
35.1712174442295,129.113966243743,89,2779,국가무형유산,수영야류,水營野遊,부산,수영구,(사)국가무형문화재 수영야류보존회,17,21,0000430000000,N,1272100430000,2026-04-08 15:55:02
35.1712174442295,129.113966243743,90,2780,국가무형유산,좌수영어방놀이,左水營漁坊놀이,부산,수영구,(사)국가무형문화재 좌수영어방놀이보존회,17,21,0000620000000,N,1272100620000,2026-05-13 14:55:02
0,0,91,2781,국가무형유산,동해안별신굿,東海岸別神굿,부산,기장군,(사)국가무형유산 동해안별신굿보존회,17,21,0000820000100,N,1272100820100,2026-01-23 13:55:02
0,0,92,4287,국가민속문화유산,의왕 원유관,義王 遠遊冠,부산,금정구,한국순교복자수녀회,18,21,0002740000000,N,1482102740000,2025-06-26 18:02:47
0,0,93,4288,국가민속문화유산,전 순정효황후 주칠 나전가구,傳 純貞孝皇后 朱漆 螺鈿家具,부산,서구,동아대학교,18,21,0002770000000,N,1482102770000,2025-06-26 18:46:11
35.2032271913874,129.086356975787,94,5577,시도유형문화유산,동래부 동헌 충신당,東萊府 東軒 忠信堂,부산,동래구,부산광역시 동래구,21,21,0000010000000,N,2112100010000,2022-08-29 17:55:41
35.0402389,128.9699095,95,5579,시도유형문화유산,다대진동헌,多大鎭 東軒,부산,사하구,부산광역시 사하구,21,21,0000030000000,N,2112100030000,2024-04-24 10:32:06
35.2187073,129.0779477,96,5580,시도유형문화유산,망미루,望美樓,부산,동래구,부산광역시 동래구,21,21,0000040000000,N,2112100040000,2022-08-29 17:55:41
35.2201538,129.0732975,97,5581,시도유형문화유산,동래부 동헌 외대문,東萊府 東軒 外大門,부산,동래구,부산광역시 동래구,21,21,0000050000000,N,2112100050000,2022-08-29 17:55:41
35.2077612111874,129.084289052744,98,5582,시도유형문화유산,동래향교 대성전,東萊鄕校 大成殿,부산,동래구,동래향교,21,21,0000060000000,N,2112100060000,2024-04-24 10:32:06
35.201409862069,129.095683548838,99,5583,시도유형문화유산,충렬사,忠烈祠,부산,동래구,충렬사관리사무소,21,21,0000070000000,N,2112100070000,2023-09-11 18:25:01
35.2039379626582,129.0844791053,100,5584,시도유형문화유산,동래 장관청,東萊 將官廳,부산,동래구,(재)동래기영회,21,21,0000080000000,N,2112100080000,2022-08-29 17:55:42
35.2352793,129.0681897,101,5585,시도유형문화유산,오층석탑,五層石塔,부산,금정구,부산대학교박물관,21,21,0000090000000,N,2112100090000,2023-01-20 16:55:03
35.1216423,129.0201433,102,5586,시도유형문화유산,삼층석탑,三層石塔,부산,서구,동아대학교석당박물관,21,21,0000100000000,N,2112100100000,2024-01-18 16:25:02
35.2770656967775,129.067003215501,103,5587,시도유형문화유산,원효암 동편 삼층석탑,元曉庵 東便 三層石塔,부산,금정구,대한불교조계종범어사,21,21,0000110000000,N,2112100110000,2024-04-24 10:32:06
35.2764479750189,129.065981105263,104,5588,시도유형문화유산,원효암 서편 삼층석탑,元曉庵 西便 三層石塔,부산,금정구,대한불교조계종범어사,21,21,0000120000000,N,2112100120000,2023-05-12 12:55:01
35.2148441490948,129.042917044908,105,5590,시도유형문화유산,만덕사지 당간지주,萬德寺址 幢竿支株,부산,북구,부산광역시 북구,21,21,0000140000000,N,2112100140000,2022-08-29 17:55:42
35.2840035639402,129.07077916353,106,5591,시도유형문화유산,범어사 당간지주,梵魚寺 幢竿支柱,부산,금정구,대한불교조계종범어사,21,21,0000150000000,N,2112100150000,2022-08-29 17:55:42
35.2842321,129.0686611,107,5592,시도유형문화유산,범어사 석등,梵魚寺 石燈,부산,금정구,대한불교조계종범어사,21,21,0000160000000,N,2112100160000,2022-08-29 17:55:42
35.1704521550311,129.115041027175,108,5593,시도유형문화유산,경상좌수영성 남문,慶尙左水營城 南門,부산,수영구,부산광역시 수영구,21,21,0000170000000,N,2112100170000,2025-12-10 10:55:02
35.1563596,129.0596253,109,5594,시도유형문화유산,동모,銅矛,부산,부산진구,시립박물관(복천박물관),21,21,0000180000000,N,2112100180000,2023-07-06 10:25:02
35.1563596,129.0596253,110,5595,시도유형문화유산,동모,銅矛,부산,부산진구,시립박물관(복천박물관),21,21,0000190000000,N,2112100190000,2023-07-06 10:25:02
35.1828893,129.0482097,111,5596,시도유형문화유산,동파두,銅把頭,부산,부산진구,시립박물관(복천박물관),21,21,0000200000000,N,2112100200000,2023-07-06 10:25:02
35.2024605,129.0946634,112,5597,시도유형문화유산,군관청,軍官廳,부산,동래구,충렬사관리사무소,21,21,0000210000000,N,2112100210000,2022-08-29 17:55:42
35.1629284384465,128.863378499397,113,5599,시도유형문화유산,범방동 삼층석탑,凡方洞 三層石塔,부산,강서구,부산광역시 강서구,21,21,0000230000000,N,2112100230000,2023-06-07 09:25:01
0,0,114,5600,시도유형문화유산,동래부 동하면 고문서,東萊府 東下面 古文書,부산,남구,시립박물관(부산박물관),21,21,0000240000000,N,2112100240000,2023-06-26 17:25:01
35.2842321,129.0686611,115,5601,시도유형문화유산,범어사 청룡암시 목판,梵魚寺 靑龍巖詩 木板,부산,금정구,대한불교조계종 범어사(성보박물관),21,21,0000250000000,N,2112100250000,2024-10-11 16:25:02
35.2842321,129.0686611,116,5602,시도유형문화유산,범어사 천수 책판,梵魚寺 千手 冊版,부산,금정구,대한불교조계종 범어사(성보박물관),21,21,0000260000000,N,2112100260000,2024-10-11 16:25:02
35.2842321,129.0686611,117,5603,시도유형문화유산,범어사 어산집 책판,梵魚寺 魚山集 冊板,부산,금정구,대한불교조계종 범어사(성보박물관),21,21,0000270000000,N,2112100270000,2024-10-11 16:25:02
35.2842321,129.0686611,118,5604,시도유형문화유산,범어사기·범어사창건사적·범어사고적판,梵魚寺紀·梵魚寺創建史蹟·梵魚寺古蹟板,부산,금정구,대한불교조계종 범어사(성보박물관),21,21,0000280000000,N,2112100280000,2024-10-11 16:25:02
35.2842321,129.0686611,119,5605,시도유형문화유산,범어사 선문촬요 책판,梵魚寺 禪門撮要 冊板,부산,금정구,대한불교조계종 범어사(성보박물관),21,21,0000290000000,N,2112100290000,2024-10-11 16:25:02
35.2842321,129.0686611,120,5606,시도유형문화유산,범어사 권왕문 책판,梵魚寺 勸往文 冊板(언문판),부산,금정구,대한불교조계종 범어사(성보박물관),21,21,0000300000000,N,2112100300000,2024-10-11 16:25:02
35.2842321,129.0686611,121,5608,시도유형문화유산,범어사 태전화상주심경,梵魚寺 太顚和尙注心經,부산,금정구,대한불교조계종 범어사(성보박물관),21,21,0000320000000,N,2112100320000,2024-10-11 16:25:02
35.2842321,129.0686611,122,5609,시도유형문화유산,범어사 함허어록,梵魚寺 函虛語錄,부산,금정구,대한불교조계종 범어사(성보박물관),21,21,0000330000000,N,2112100330000,2024-10-11 16:25:02
35.2842321,129.0686611,123,5610,시도유형문화유산,범어사 지공직지,梵魚寺 指空直指,부산,금정구,대한불교조계종 범어사(성보박물관),21,21,0000340000000,N,2112100340000,2024-10-11 16:25:03
35.2842321,129.0686611,124,5611,시도유형문화유산,범어사 선종영가집,梵魚寺 禪宗永嘉集,부산,금정구,대한불교조계종 범어사(성보박물관),21,21,0000350000000,N,2112100350000,2024-10-11 18:25:02
35.2842321,129.0686611,125,5612,시도유형문화유산,범어사 불설대보부모은중경,梵魚寺 佛說大報父母恩重經,부산,금정구,대한불교조계종 범어사(성보박물관),21,21,0000360000000,N,2112100360000,2024-10-11 18:25:02
35.2842321,129.0686611,126,5613,시도유형문화유산,범어사 육조대사법보단경,梵魚寺 六祖大師法寶壇經,부산,금정구,대한불교조계종 범어사(성보박물관),21,21,0000370000000,N,2112100370000,2024-10-11 18:25:02
35.2842321,129.0686611,127,5614,시도유형문화유산,범어사 금강반야바라밀경변상,梵魚寺 金剛般若바羅密經變相,부산,금정구,대한불교조계종 범어사(성보박물관),21,21,0000380000000,N,2112100380000,2024-10-11 18:25:02
35.28293,129.0680538,128,5615,시도유형문화유산,범어사 불조역대통재,梵魚寺 佛祖歷代通載,부산,금정구,대한불교조계종 범어사(성보박물관),21,21,0000390000000,N,2112100390000,2024-10-11 18:25:02
35.28293,129.0680538,129,5616,시도유형문화유산,범어사 몽산화상법어약록,梵魚寺 蒙山和尙法語略錄,부산,금정구,대한불교조계종 범어사(성보박물관),21,21,0000400000000,N,2112100400000,2024-10-11 18:25:02
35.28293,129.0680538,130,5617,시도유형문화유산,범어사 묘법연화경,梵魚寺 妙法蓮華經,부산,금정구,대한불교조계종 범어사(성보박물관),21,21,0000410000000,N,2112100410000,2024-10-11 18:25:02
35.1285814,129.011629,131,5618,시도유형문화유산,내원정사 진언집,內院精舍 眞言集,부산,서구,내원정사,21,21,0000420000000,N,2112100420000,2022-08-29 17:55:44
35.1285814,129.011629,132,5619,시도유형문화유산,내원정사 조상경,內院精舍 造像經,부산,서구,내원정사,21,21,0000430000000,N,2112100430000,2022-08-29 17:55:44
35.1285814,129.011629,133,5620,시도유형문화유산,내원정사 염불보권문,內院精舍 念佛普勸文,부산,서구,내원정사,21,21,0000440000000,N,2112100440000,2022-08-29 17:55:44
35.1285814,129.011629,134,5621,시도유형문화유산,내원정사 묘법연화경,內院精舍 妙法蓮華經,부산,서구,내원정사,21,21,0000450000000,N,2112100450000,2022-08-29 17:55:44
35.1408349,129.0927619,135,5622,시도유형문화유산,범어사명 유제시루,梵魚寺銘 鍮製시루,부산,남구,시립박물관(부산박물관),21,21,0000460000000,N,2112100460000,2022-08-29 17:55:45
35.1285814,129.011629,136,5623,시도유형문화유산,내원정사 목조관음보살좌상,內院精舍 木造觀音菩薩坐像,부산,서구,내원정사,21,21,0000470000000,N,2112100470000,2022-08-29 17:55:45
35.1408349,129.0927619,137,5624,시도유형문화유산,유원각선생 매안감고비 및 비각,柔遠閣先生 埋案感古碑 및 碑閣,부산,남구,시립박물관(부산박물관),21,21,0000480000000,N,2112100480000,2024-04-24 10:32:07
35.1832929,129.0500057,138,5625,시도유형문화유산,포은시고,圃隱詩藁,부산,부산진구,부산광역시립시민도서관,21,21,0000490000000,N,2112100490000,2024-04-24 10:32:08
34.989716641366,128.829015778742,139,5626,시도유형문화유산,가덕도 등대,加德島 燈臺,부산,강서구,국가(해양수산부),21,21,0000500000000,N,2112100500000,2024-04-24 10:32:08
35.2842321,129.0686611,140,5627,시도유형문화유산,범어사 사천왕도,梵魚寺 四天王圖,부산,금정구,대한불교조계종 범어사(성보박물관),21,21,0000510000000,N,2112100510000,2024-10-11 18:25:03
35.2842321,129.0686611,141,5628,시도유형문화유산,범어사 제석신중도,梵魚寺 帝釋神衆圖,부산,금정구,대한불교조계종 범어사(성보박물관),21,21,0000520000000,N,2112100520000,2024-10-11 18:25:03
35.2842321,129.0686611,142,5629,시도유형문화유산,범어사 관음전 백의관음보살도,梵魚寺 觀音殿 白衣觀音菩薩圖,부산,금정구,대한불교조계종 범어사(성보박물관),21,21,0000530000000,N,2112100530000,2024-10-11 18:25:03
35.1636192,129.0875441,143,5630,시도유형문화유산,마하사 현왕도,摩訶寺 現王圖,부산,금정구,대한불교조계종 범어사(성보박물관),21,21,0000540000000,N,2112100540000,2024-10-11 18:25:03
35.2842321,129.0686611,144,5631,시도유형문화유산,범어사 의상대사 영정,梵魚寺 義湘大師 影幀,부산,금정구,대한불교조계종 범어사(성보박물관),21,21,0000550000000,N,2112100550000,2024-10-11 18:25:03
35.1046988,129.0193361,145,5633,시도유형문화유산,기영각 시첩,耆英閣 詩帖,부산,서구,동아대학교석당박물관,21,21,0000570000000,N,2112100570000,2022-08-29 17:55:45
35.1046988,129.0193361,146,5634,시도유형문화유산,금강전도 12첩 병풍,金剛全圖 十二帖 屛風,부산,서구,동아대학교석당박물관,21,21,0000580000000,N,2112100580000,2022-08-29 17:55:45
35.1046988,129.0193361,147,5635,시도유형문화유산,동래 고지도,東萊 古地圖,부산,서구,동아대학교석당박물관,21,21,0000590000000,N,2112100590000,2022-08-29 17:55:45
35.1046988,129.0193361,148,5636,시도유형문화유산,대원군 초상화,大院君 肖像畵,부산,서구,동아대학교석당박물관,21,21,0000600000000,N,2112100600000,2022-08-29 17:55:46
35.0828429,129.0499607,149,5637,시도유형문화유산,복천사 지장시왕도,福泉寺 地藏十王圖,부산,영도구,복천사,21,21,0000610000000,N,2112100610000,2024-04-24 10:32:08
35.0828429,129.0499607,150,5638,시도유형문화유산,복천사 아미타극락회상도,福泉寺 阿彌陀極樂會上圖,부산,영도구,복천사,21,21,0000620000000,N,2112100620000,2024-04-24 10:32:09
35.2842321,129.0686611,151,5639,시도유형문화유산,범어사 팔상·독성·나한전,梵魚寺 捌相·獨聖·羅漢殿,부산,금정구,대한불교조계종 범어사,21,21,0000630000000,N,2112100630000,2024-10-11 18:25:03
35.1046988,129.0193361,152,5640,시도유형문화유산,대방광불화엄경 권40,大方廣佛華嚴經 卷四十,부산,서구,동아대학교석당박물관,21,21,0000640000000,N,2112100640000,2024-04-24 10:32:09
35.0828429,129.0499607,153,5641,시도유형문화유산,복천사조상경,福泉寺造像經,부산,영도구,복천사,21,21,0000650000000,N,2112100650000,2024-04-24 10:32:09
35.0828429,129.0499607,154,5642,시도유형문화유산,복천사 선원제전집도서,福泉寺 禪源諸詮集都序,부산,영도구,복천사,21,21,0000660000000,N,2112100660000,2024-04-24 10:32:10
35.2842321,129.0686611,155,5643,시도유형문화유산,범어사 대웅전 영산회상도,梵魚寺 大雄殿 靈山會上圖,부산,금정구,대한불교조계종 범어사(성보박물관),21,21,0000670000000,N,2112100670000,2024-10-11 18:25:03
35.2842321,129.0686611,156,5644,시도유형문화유산,범어사 대웅전 삼장보살도,梵魚寺 大雄殿 三藏菩薩圖,부산,금정구,대한불교조계종 범어사(성보박물관),21,21,0000680000000,N,2112100680000,2024-10-11 18:25:03
35.2842321,129.0686611,157,5645,시도유형문화유산,범어사 대웅전 신중도,梵魚寺 大雄殿 神衆圖,부산,금정구,대한불교조계종 범어사(성보박물관),21,21,0000690000000,N,2112100690000,2024-10-11 18:25:03
35.2842321,129.0686611,158,5646,시도유형문화유산,범어사 관음전 목조관음보살좌상,梵魚寺 觀音殿 木造觀音菩薩坐像,부산,금정구,대한불교조계종 범어사,21,21,0000700000000,N,2112100700000,2024-10-11 18:25:03
35.2842321,129.0686611,159,5647,시도유형문화유산,범어사 비로전 목조비로자나삼존불좌상,梵魚寺 毘盧殿 木造毘盧遮那三尊佛坐像,부산,금정구,대한불교조계종 범어사,21,21,0000710000000,N,2112100710000,2024-10-11 18:25:04
35.2842321,129.0686611,160,5648,시도유형문화유산,범어사 미륵전 목조여래좌상,梵魚寺 彌勒殿 木造如來坐像,부산,금정구,대한불교조계종 범어사,21,21,0000720000000,N,2112100720000,2024-10-11 18:25:04
35.2842321,129.0686611,161,5649,시도유형문화유산,범어사 석조연화대좌 하대석,梵魚寺 石造蓮花臺座 下臺石,부산,금정구,대한불교조계종 범어사,21,21,0000730000000,N,2112100730000,2024-10-11 18:25:04
35.1470196,129.1083559,162,5650,시도유형문화유산,자수 책거리 병풍,刺繡 冊巨里 屛風,부산,금정구,부산대학교박물관,21,21,0000740000000,N,2112100740000,2024-10-11 18:25:04
35.1046988,129.0193361,163,5651,시도유형문화유산,남지기로회도,南池耆老會圖,부산,서구,동아대학교석당박물관,21,21,0000750000000,N,2112100750000,2022-08-29 17:55:47
35.2679194,129.0870773,164,5652,시도유형문화유산,불설장수멸죄호제동자다라니경,佛說長壽滅罪護諸童子陁羅尼經,부산,금정구,금정중학교,21,21,0000760000000,N,2112100760000,2024-04-24 10:32:12
35.1408349,129.0927619,165,5653,시도유형문화유산,어전준천제명첩,御前濬川題名帖,부산,남구,시립박물관(부산박물관),21,21,0000770000000,N,2112100770000,2024-04-24 10:32:12
35.1408349,129.0927619,166,5654,시도유형문화유산,천상열차분야지도,天象列次分野之圖,부산,남구,시립박물관(부산박물관),21,21,0000780000000,N,2112100780000,2024-04-24 10:32:13
35.1408349,129.0927619,167,5655,시도유형문화유산,이의양 필 산수도,李義養 筆 山水圖,부산,남구,시립박물관(부산박물관),21,21,0000790000000,N,2112100790000,2024-04-24 10:32:13
0,0,168,5656,시도유형문화유산,범어사 금강반야바라밀경,梵魚寺 金剛般若波羅密經,부산,금정구,대한불교조계종범어사,21,21,0000800000000,N,2112100800000,2024-04-24 10:32:13
0,0,169,5657,시도유형문화유산,범어사 보리달마사행론,梵魚寺 菩堤達摩四行論,부산,금정구,대한불교조계종범어사,21,21,0000810000000,N,2112100810000,2024-04-24 10:32:14
0,0,170,5658,시도유형문화유산,범어사 선문염송집,梵魚寺 禪門拈頌集,부산,금정구,대한불교조계종범어사,21,21,0000820000000,N,2112100820000,2024-04-24 10:32:14
35.1046988,129.0193361,171,5659,시도유형문화유산,대방광불화엄경 권41,大方廣佛華嚴經 卷四十一,부산,서구,동아대학교석당박물관,21,21,0000830000000,N,2112100830000,2024-04-24 10:32:14
35.1282176,129.112378,172,5660,시도유형문화유산,이덕성가 문적,李德成家 文籍,부산,남구,시립박물관(부산박물관),21,21,0000840000000,N,2112100840000,2022-08-29 17:55:47
35.3746205,129.2329449,173,5661,시도유형문화유산,장안사 응진전 석조석가삼존십육나한상,長安寺 應眞殿 石造釋迦三尊十六羅漢像,부산,기장군,대한불교조계종장안사,21,21,0000850000000,N,2112100850000,2025-11-10 17:25:02
35.3746205,129.2329449,174,5662,시도유형문화유산,장안사 명부전 석조지장보살삼존 및 시왕상 일괄,長安寺 冥府殿 石造地藏菩薩三尊 및 十王像 一括,부산,기장군,대한불교조계종장안사,21,21,0000860000000,N,2112100860000,2024-04-24 10:32:14
35.3746205,129.2329449,175,5663,시도유형문화유산,장안사 대웅전 영산회상도,長安寺 大雄殿 靈山會上圖,부산,기장군,대한불교조계종장안사,21,21,0000870000000,N,2112100870000,2024-04-24 10:32:15
35.3746205,129.2329449,176,5664,시도유형문화유산,장안사 응진전 영산회상도,長安寺 應眞殿 靈山會上圖,부산,기장군,대한불교조계종장안사,21,21,0000880000000,N,2112100880000,2024-04-24 10:32:15
35.3746205,129.2329449,177,5665,시도유형문화유산,장안사 명부전 지장보살도,長安寺 冥府殿 地藏菩薩圖,부산,기장군,대한불교조계종장안사,21,21,0000890000000,N,2112100890000,2024-04-24 10:32:15
35.2842321,129.0686611,178,5666,시도유형문화유산,범어사 동종,梵魚寺 銅鐘,부산,금정구,대한불교조계종범어사,21,21,0000900000000,N,2112100900000,2024-04-24 10:32:16
35.1836762,129.0125768,179,5668,시도유형문화유산,운수사 대웅전 석조여래삼존좌상,雲水寺 大雄殿 石造如來三尊坐像,부산,사상구,운수사,21,21,0000920000000,N,2112100920000,2024-04-24 10:32:16
35.1769363,129.0277584,180,5671,시도유형문화유산,선암사 목조아미타여래좌상 및 복장유물,仙巖寺 木造阿彌陀如來坐像 및 腹藏遺物,부산,부산진구,선암사,21,21,0000950000000,N,2112100950000,2024-04-24 10:32:16
35.2767279,129.0661191,181,5672,시도유형문화유산,범어사 원효암 목조관음보살좌상,梵魚寺 元曉庵 木造觀音菩薩坐像,부산,금정구,대＊＊＊,21,21,0000960000000,N,2112100960000,2024-04-24 10:32:17
35.1936546,129.0534608,182,5673,시도유형문화유산,원광사 영산회상도,圓光寺 靈山會上圖,부산,동래구,원광사,21,21,0000970000000,N,2112100970000,2024-04-24 10:32:17
35.2077162,129.0842177,183,5674,시도유형문화유산,동래향청 고왕록,東萊鄕廳 考往錄,부산,남구,시립박물관(부산박물관),21,21,0000980000000,N,2112100980000,2024-04-24 10:32:17
35.2077162,129.0842177,184,5675,시도유형문화유산,동래향교 고왕록,東萊鄕校 考往錄,부산,남구,시립박물관(부산박물관),21,21,0000990000000,N,2112100990000,2024-04-24 10:32:18
35.1046988,129.0193361,185,5677,시도유형문화유산,흑유호 및 흑유정병,黑釉壺 및 黑釉淨甁,부산,서구,동아대학교석당박물관,21,21,0001010000000,N,2112101010000,2022-08-29 17:55:48
35.1046988,129.0193361,186,5678,시도유형문화유산,분청사기인화국화문사이부태호,粉靑沙器印花菊花文四耳附胎壺,부산,서구,동아대학교석당박물관,21,21,0001020000000,N,2112101020000,2022-08-29 17:55:48
35.1046988,129.0193361,187,5679,시도유형문화유산,갑인춘 친정도,甲寅春 親政圖,부산,서구,동아대학교석당박물관,21,21,0001030000000,N,2112101030000,2024-04-24 10:32:18
0,0,188,5681,시도유형문화유산,천안사 법어,天安寺 法語,부산,부산진구,천안사,21,21,0001050000000,N,2112101050000,2022-08-29 17:55:49
0,0,189,5682,시도유형문화유산,장안사 명부전,長安寺 冥府殿,부산,기장군,대한불교조계종장안사,21,21,0001060000000,N,2112101060000,2024-04-24 10:32:18
0,0,190,5683,시도유형문화유산,장안사 응진전,長安寺 應眞殿,부산,기장군,대한불교조계종장안사,21,21,0001070000000,N,2112101070000,2024-04-24 10:32:19
0,0,191,5684,시도유형문화유산,선광사 석가여래성도기,仙光寺 釋迦如來成道記,부산,사상구,선광사,21,21,0001080000000,N,2112101080000,2024-04-24 10:32:19
0,0,192,5685,시도유형문화유산,김홍도 필 산수인물도,金弘道 筆 山水人物圖,부산,남구,시립박물관(부산박물관),21,21,0001090000000,N,2112101090000,2022-08-29 17:55:49
0,0,193,5686,시도유형문화유산,심사정 필 산승보납도,沈師正 筆 山僧補衲圖,부산,남구,시립박물관(부산박물관),21,21,0001100000000,N,2112101100000,2022-08-29 17:55:49
0,0,194,5687,시도유형문화유산,류성룡 필 진시무차 초고,柳成龍 筆 陳時務箚 草稿,부산,남구,시립박물관(부산박물관),21,21,0001110000000,N,2112101110000,2022-08-29 17:55:49
0,0,195,5688,시도유형문화유산,백자철화용문호,白磁鐵畵龍文壺,부산,남구,시립박물관(부산박물관),21,21,0001120000000,N,2112101120000,2022-08-29 17:55:49
0,0,196,5690,시도유형문화유산,곤여전도,坤輿全圖,부산,남구,시립박물관(부산박물관),21,21,0001140000000,N,2112101140000,2024-04-24 10:32:19
0,0,197,5691,시도유형문화유산,금정사 목조아미타여래좌상 및 복장유물,金井寺 木造阿彌陀如來坐像 및 服藏遺物,부산,동래구,금정사,21,21,0001150000000,N,2112101150000,2022-08-29 17:55:49
0,0,198,5692,시도유형문화유산,취정사 묘법연화경,鷲井寺 妙法蓮華經,부산,기장군,김＊＊＊,21,21,0001160000000,N,2112101160000,2024-04-24 10:32:20
0,0,199,5693,시도유형문화유산,해광사 선원제전집도서,海光寺 禪源諸詮集都序,부산,기장군,대한불교조계종해광사,21,21,0001170000000,N,2112101170000,2024-04-24 10:32:20
0,0,200,5694,시도유형문화유산,해광사 대방광불화엄경 권23,海光寺 大方廣佛華嚴經 卷23,부산,기장군,대한불교조계종해광사,21,21,0001180000000,N,2112101180000,2024-04-24 10:32:20
0,0,201,5695,시도유형문화유산,석조관음보살좌상,石造觀音菩薩坐像,부산,서구,동아대학교석당박물관,21,21,0001190000000,N,2112101190000,2022-08-29 17:55:50
0,0,202,5696,시도유형문화유산,목조보살좌상,木造菩薩坐像,부산,서구,동아대학교석당박물관,21,21,0001200000000,N,2112101200000,2022-08-29 17:55:50
0,0,203,5697,시도유형문화유산,시왕도,十王圖,부산,서구,동아대학교석당박물관,21,21,0001210000000,N,2112101210000,2022-08-29 17:55:50
0,0,204,5698,시도유형문화유산,동제 화엄경변상도 경상,銅製 華嚴經變相圖 經床,부산,서구,동아대학교석당박물관,21,21,0001220000000,N,2112101220000,2024-04-24 10:32:21
0,0,205,5699,시도유형문화유산,계사명 사리구,癸巳銘 舍利具,부산,서구,동아대학교석당박물관,21,21,0001230000000,N,2112101230000,2022-08-29 17:55:50
0,0,206,5700,시도유형문화유산,전 경주 출토 승사리구,傳 慶州 出土 僧舍利具,부산,서구,동아대학교석당박물관,21,21,0001240000000,N,2112101240000,2022-08-29 17:55:50
0,0,207,5701,시도유형문화유산,박기종 유물 일괄,朴琪淙 遺物 一括,부산,남구,시립박물관(부산박물관),21,21,0001250000000,N,2112101250000,2022-08-29 17:55:50
0,0,208,5702,시도유형문화유산,칠보사 목조관음보살좌상,七寶寺 木造觀音菩薩坐像,부산,서구,칠보사,21,21,0001260000000,N,2112101260000,2022-08-29 17:55:50
0,0,209,5703,시도유형문화유산,황련사 대방광원각수다라요의경,黃蓮寺 大方廣圓覺修多羅了義經,부산,기장군,대＊＊＊,21,21,0001270000000,N,2112101270000,2026-04-17 17:25:03
0,0,210,5704,시도유형문화유산,동래향교 명륜당,東萊鄕校 明倫堂,부산,동래구,동래향교,21,21,0001280000000,N,2112101280000,2024-04-24 10:32:21
0,0,211,5705,시도유형문화유산,폭포사 묘법연화경,瀑布寺 妙法蓮華經,부산,해운대구,폭포사,21,21,0001290000000,N,2112101290000,2022-08-29 17:55:50
0,0,212,5706,시도유형문화유산,금천선원 묘법연화경,金泉禪院 妙法蓮華經,부산,금정구,금천선원,21,21,0001300000000,N,2112101300000,2022-08-29 17:55:50
0,0,213,5707,시도유형문화유산,고불사 묘법연화경,古佛寺 妙法蓮華經,부산,기장군,대한불교조계종고불사,21,21,0001310000000,N,2112101310000,2022-08-29 17:55:51
0,0,214,5708,시도유형문화유산,백운사 묘법연화경 권1-3,白雲寺 妙法蓮華經 卷1-3,부산,해운대구,백운사,21,21,0001320000000,N,2112101320000,2022-08-29 17:55:51
0,0,215,5709,시도유형문화유산,백운사 묘법연화경 권4-7,白雲寺 妙法蓮華經 卷4-7,부산,해운대구,백운사,21,21,0001330000000,N,2112101330000,2022-08-29 17:55:51
0,0,216,5710,시도유형문화유산,진주성도,晋州城圖,부산,서구,동아대학교석당박물관,21,21,0001340000000,N,2112101340000,2022-08-29 17:55:51
0,0,217,5711,시도유형문화유산,거제부도,巨濟府圖,부산,서구,동아대학교석당박물관,21,21,0001350000000,N,2112101350000,2022-08-29 17:55:51
0,0,218,5712,시도유형문화유산,분청사기 마흥목처 신반진씨 지석,粉靑沙器 馬興牧妻 新反陳氏 誌石,부산,금정구,부산대학교박물관,21,21,0001360000000,N,2112101360000,2022-10-13 15:25:10
0,0,219,15336,시도유형문화유산,자치통감강목,資治通鑑綱目,부산,해운대구,원＊＊＊,21,21,0001370000000,N,2112101370000,2022-08-29 17:55:51
0,0,220,15337,시도유형문화유산,백련사 약사유리광여래본원공덕경,白蓮寺 藥師琉璃光如來本願功德經,부산,남구,백련사,21,21,0001380000000,N,2112101380000,2024-04-24 10:32:21
0,0,221,15338,시도유형문화유산,범어사 사자암 석조보살좌상,梵魚寺 獅子庵 石造菩薩坐像,부산,금정구,대한불교조계종범어사,21,21,0001390000000,N,2112101390000,2022-08-29 17:55:51
0,0,222,15339,시도유형문화유산,청동북,靑銅金鼓,부산,서구,동아대학교석당박물관,21,21,0001400000000,N,2112101400000,2024-04-24 10:32:21
0,0,223,15344,시도유형문화유산,범어사 원효암 아미타삼존도,梵魚寺 元曉庵 阿彌陀三尊圖,부산,금정구,범어사성보박물관,21,21,0001410000000,N,2112101410000,2022-08-29 17:55:51
0,0,224,15345,시도유형문화유산,아미타내영도,阿彌陀來迎圖,부산,금정구,부산대학교박물관,21,21,0001420000000,N,2112101420000,2022-10-13 15:25:03
0,0,225,15346,시도유형문화유산,칠성도,七星圖,부산,금정구,부산대학교박물관,21,21,0001430000000,N,2112101430000,2022-10-13 15:25:03
0,0,226,15347,시도유형문화유산,목조아미타여래좌상,木造阿彌陀如來坐像,부산,금정구,부산대학교박물관,21,21,0001440000000,N,2112101440000,2024-04-24 10:32:22
0,0,227,15348,시도유형문화유산,삼광사 석조여래좌상,三光寺 石造如來坐像,부산,부산진구,삼광사,21,21,0001450000000,N,2112101450000,2023-11-10 11:25:03
0,0,228,16408,시도유형문화유산,해동용궁사 금강반야바라밀경론,海東龍宮寺 金剛般若波羅密經論,부산,기장군,대＊＊＊,21,21,0001470000000,N,2112101470000,2022-08-29 17:55:52
0,0,229,16409,시도유형문화유산,해동용궁사 성가니분노금강동자보살성취의궤경,海東龍宮寺 聖迦尼忿怒金剛童子菩薩成就儀軌經,부산,기장군,대＊＊＊,21,21,0001480000000,N,2112101480000,2024-04-24 10:32:22
0,0,230,17570,시도유형문화유산,해운정사 전법게,,부산,해운대구,해＊＊＊,21,21,0001490000000,N,2112101490000,2022-08-29 17:55:52
0,0,231,16410,시도유형문화유산,해동용궁사 목조여래좌상,海東龍宮寺 木造如來坐像,부산,기장군,대＊＊＊,21,21,0001500000000,N,2112101500000,2026-04-17 17:25:02
0,0,232,16414,시도유형문화유산,자비암 육경합부,慈悲庵 六經合部,부산,동래구,자＊＊＊,21,21,0001510000000,N,2112101510000,2022-08-29 17:55:52
0,0,233,16415,시도유형문화유산,자비암 선림보훈,慈悲庵 禪林寶訓,부산,동래구,자＊＊＊,21,21,0001520000000,N,2112101520000,2022-08-29 17:55:52
35.244171030098,129.212149845806,234,16527,시도유형문화유산,기장 장관청,機張 將官廳,부산,기장군,부산광역시 기장군,21,21,0001530000000,N,2112101530000,2024-04-24 10:32:22
0,0,235,17571,시도유형문화유산,금동십일면관음보살좌상,金銅十一面觀音菩薩坐像,부산,금정구,부산대학교박물관,21,21,0001540000000,N,2112101540000,2022-10-13 15:25:10
0,0,236,17138,시도유형문화유산,범어사 비로전,梵魚寺 毘盧殿,부산,금정구,대한불교조계종범어사,21,21,0001550000000,N,2112101550000,2024-04-24 10:32:23
0,0,237,17139,시도유형문화유산,범어사 미륵전,梵魚寺 彌勒殿,부산,금정구,대한불교조계종범어사,21,21,0001560000000,N,2112101560000,2024-04-24 10:32:23
0,0,238,16587,시도유형문화유산,금동관음보살좌상,金銅觀音菩薩坐像,부산,남구,시립박물관(부산박물관),21,21,0001570000000,N,2112101570000,2022-08-29 17:55:52
0,0,239,16588,시도유형문화유산,목조지장보살좌상,木造地藏菩薩坐像,부산,남구,시립박물관(부산박물관),21,21,0001580000000,N,2112101580000,2022-08-29 17:55:52
0,0,240,16589,시도유형문화유산,목조여래좌상,木造如來坐像,부산,남구,시립박물관(부산박물관),21,21,0001590000000,N,2112101590000,2022-08-29 17:55:53
0,0,241,16590,시도유형문화유산,목조여래좌상,木造如來坐像,부산,남구,시립박물관(부산박물관),21,21,0001600000000,N,2112101600000,2022-08-29 17:55:53
0,0,242,16586,시도유형문화유산,목조아미타여래좌상,木造阿彌陀如來坐像,부산,남구,시립박물관(부산박물관),21,21,0001610000000,N,2112101610000,2022-08-29 17:55:53
0,0,243,17174,시도유형문화유산,동래무청선생안,東萊武廳先生案,부산,동래구,충렬사관리사무소,21,21,0001620000000,N,2112101620000,2022-08-29 17:55:53
0,0,244,17175,시도유형문화유산,경상좌수영선생안,慶尙左水營先生案,부산,동래구,충렬사관리사무소,21,21,0001630000000,N,2112101630000,2024-04-24 10:32:23
0,0,245,17176,시도유형문화유산,다대진선생안,多大鎭先生案,부산,동래구,충렬사관리사무소,21,21,0001640000000,N,2112101640000,2024-04-24 10:32:24
0,0,246,16814,시도유형문화유산,용적사 신중도,,부산,강서구,용적사,21,21,0001650000000,N,2112101650000,2022-09-09 14:25:03
0,0,247,17572,시도유형문화유산,훈몽자회 책판,訓蒙字會 冊板,부산,금정구,부산대학교박물관,21,21,0001660000000,N,2112101660000,2024-04-24 10:32:24
0,0,248,17573,시도유형문화유산,범어사 극락암 칠성도,梵魚寺 極樂庵 七星圖,부산,금정구,대＊＊＊,21,21,0001670000000,N,2112101670000,2024-04-24 10:32:24
0,0,249,17574,시도유형문화유산,승자총통,勝字銃筒,부산,금정구,부＊＊＊,21,21,0001680000000,N,2112101680000,2024-04-24 10:32:25
0,0,250,17575,시도유형문화유산,고불사 목조여래좌상,古佛寺 木造如來坐像,부산,기장군,대한불교조계종고불사,21,21,0001690000000,N,2112101690000,2022-08-29 17:55:53
0,0,251,16812,시도유형문화유산,청동북,靑銅金鼓,부산,남구,시립박물관(부산박물관),21,21,0001700000000,N,2112101700000,2024-04-24 10:32:25
0,0,252,17576,시도유형문화유산,장안사 예수시왕생칠재의찬요,預修十王生七齋儀纂要,부산,기장군,대＊＊＊,21,21,0001710000000,N,2112101710000,2022-08-29 17:55:53
0,0,253,17577,시도유형문화유산,장안사 응진전 석조석가여래삼존상 복장물 일괄,長安寺 應眞殿 石造釋迦如來三尊坐像 腹藏物 一括,부산,기장군,대＊＊＊,21,21,0001720000000,N,2112101720000,2022-08-29 17:55:53
0,0,254,17578,시도유형문화유산,범어사 원효암 목조관음보살좌상 복장유물 일괄,梵魚寺 元曉庵 木造觀音菩薩坐像 腹藏物 一括,부산,금정구,대＊＊＊,21,21,0001730000000,N,2112101730000,2024-04-24 10:32:25
0,0,255,17579,시도유형문화유산,감지금니묘법연화경,紺紙金泥妙法蓮華經,부산,기장군,정＊＊＊,21,21,0001740000000,N,2112101740000,2022-08-29 17:55:54
0,0,256,17580,시도유형문화유산,삼층석탑,三層石塔,부산,금정구,현＊＊＊,21,21,0001750000000,N,2112101750000,2024-04-24 10:32:26
0,0,257,17266,시도유형문화유산,범어사 목조팔각불감,梵魚寺 木造八角佛龕,부산,금정구,대한불교조계종범어사,21,21,0001760000000,N,2112101760000,2022-08-29 17:55:54
0,0,258,17267,시도유형문화유산,설뫼탐진안씨분재기,立山耽津安氏分財記,부산,금정구,부산대학교도서관,21,21,0001770000000,N,2112101770000,2022-08-29 17:55:54
0,0,259,17268,시도유형문화유산,범어사 삼불연,梵魚寺 三佛輦,부산,금정구,대한불교조계종범어사,21,21,0001780000000,N,2112101780000,2024-04-24 10:32:26
0,0,260,17137,시도유형문화유산,몽산화상 육도보설,蒙山和尙 六道普說,부산,기장군,대＊＊＊,21,21,0001790000000,N,2112101790000,2026-04-17 17:25:02
0,0,261,17357,시도유형문화유산,원수명 가죽투구와 갑옷,元帥名 皮冑와 甲 肩龍,부산,서구,동아대학교석당박물관,21,21,0001800000000,N,2112101800000,2024-04-24 10:32:26
0,0,262,17196,시도유형문화유산,부산박물관 백자청화운룡문호,釜山博物館 白磁靑畵雲龍文壺,부산,남구,시립박물관(부산박물관),21,21,0001810000000,N,2112101810000,2024-04-24 10:32:27
0,0,263,17358,시도유형문화유산,동아대학교 명현초상 일괄,東亞大學校 名賢肖像一括,부산,서구,동아대학교석당박물관,21,21,0001820000000,N,2112101820000,2022-08-29 17:55:54
0,0,264,17359,시도유형문화유산,해주도 병풍,海州圖 屛風,부산,서구,동아대학교석당박물관,21,21,0001830000000,N,2112101830000,2022-08-29 17:55:54
0,0,265,17581,시도유형문화유산,범어사 원효대사 진영,梵魚寺 元曉大師 眞影,부산,금정구,대＊＊＊,21,21,0001840000000,N,2112101840000,2022-08-29 17:55:54
0,0,266,17337,시도유형문화유산,범어사 사명대사 진영,梵魚寺 泗溟大師 眞影,부산,금정구,대한불교조계종범어사,21,21,0001850000000,N,2112101850000,2022-08-29 17:55:54
0,0,267,17338,시도유형문화유산,범어사 고승 진영,梵魚寺 高僧 眞影,부산,금정구,대한불교조계종범어사,21,21,0001860000000,N,2112101860000,2024-04-24 10:32:27
0,0,268,17356,시도유형문화유산,민건호 필사본 일괄,閔建鎬 筆寫本 一括,부산,남구,시립박물관(부산박물관),21,21,0001870000000,N,2112101870000,2022-08-29 17:55:54
0,0,269,17339,시도유형문화유산,대동여지도,大東輿地圖,부산,금정구,부산대학교도서관,21,21,0001880000000,N,2112101880000,2024-04-24 10:32:27
0,0,270,17566,시도유형문화유산,장안사 명부전 석조지장삼존 및 시왕상 복장유물,長安寺 冥府殿 石造 地藏三尊 및 十王像 腹藏遺物,부산,기장군,대한불교조계종범어사(성보박물관),21,21,0001890000000,N,2112101890000,2024-04-24 10:32:28
0,0,271,17551,시도유형문화유산,관세음보살도 및 목제감,觀音菩薩圖 및 木製龕,부산,남구,시립박물관(부산박물관),21,21,0001900000000,N,2112101900000,2022-08-29 17:55:55
0,0,272,17470,시도유형문화유산,의령 금란계안,宜寧 金蘭稧案,부산,금정구,부산대학교도서관,21,21,0001910000000,N,2112101910000,2022-08-29 17:55:55
0,0,273,19524,시도유형문화유산,백자 달항아리,白磁 壺,부산,수영구,현＊＊＊,21,21,0001920000000,N,2112101920000,2024-04-24 10:32:28
0,0,274,18093,시도유형문화유산,전등사 목조아미타여래좌상,傳燈寺 木造阿彌陀如來坐像,부산,동래구,전＊＊＊,21,21,0001930000000,N,2112101930000,2024-04-24 10:32:28
0,0,275,19610,시도유형문화유산,나전함,,부산,남구,시립박물관(부산박물관),21,21,0001940000000,N,2112101940000,2022-08-29 17:55:55
0,0,276,19611,시도유형문화유산,임오명 어피인장함,,부산,남구,시립박물관(부산박물관),21,21,0001950000000,N,2112101950000,2022-08-29 17:55:55
0,0,277,19612,시도유형문화유산,어피인장함,,부산,남구,시립박물관(부산박물관),21,21,0001960000000,N,2112101960000,2022-08-29 17:55:55
0,0,278,19981,시도유형문화유산,해동용궁사 목조보살좌상,海東龍宮寺 木造菩薩坐像,부산,기장군,대한불교조계종해동용궁사,21,21,0001970000000,N,2112101970000,2022-08-29 17:55:55
0,0,279,18196,시도유형문화유산,이덕형 초상 초본,李德馨 肖像 初本,부산,서구,동아대학교석당박물관,21,21,0001980000000,N,2112101980000,2022-08-29 17:55:55
0,0,280,19614,시도유형문화유산,도기 집모양 명기,,부산,기장군,시＊＊＊,21,21,0001990000000,N,2112101990000,2024-10-21 15:25:18
0,0,281,19613,시도유형문화유산,한글조선전도,,부산,영도구,국립해양박물관,21,21,0002000000000,N,2112102000000,2022-08-29 17:55:55
0,0,282,18195,시도유형문화유산,원오사 고봉화상선요,圓悟寺 高峰和尙禪要,부산,해운대구,원오사,21,21,0002010000000,N,2112102010000,2024-04-24 10:32:28
0,0,283,18197,시도유형문화유산,정선 필 청풍계지각,鄭敾 筆 淸風溪池閣,부산,서구,동아대학교석당박물관,21,21,0002020000000,N,2112102020000,2024-04-24 10:32:29
0,0,284,18243,시도유형문화유산,법계성범수륙승회수재의궤,法界聖凡水陸勝會修齋儀軌,부산,서구,동아대학교석당박물관,21,21,0002030000000,N,2112102030000,2022-08-29 17:55:56
0,0,285,19618,시도유형문화유산,김두량 필 삽살개,金斗樑 筆 犬圖,부산,수영구,현＊＊＊,21,21,0002040000000,N,2112102040000,2023-06-02 11:25:03
0,0,286,19980,시도유형문화유산,고불사 대장일람집 권7~10,古佛寺 大藏一覽集 券七~十,부산,기장군,대＊＊＊,21,21,0002050000000,N,2112102050000,2022-08-29 17:55:56
0,0,287,19982,시도유형문화유산,고불사 불조역대통재 권1~12,古佛寺 佛祖歷代通載 券一~十二,부산,기장군,대＊＊＊,21,21,0002060000000,N,2112102060000,2022-08-29 17:55:56
0,0,288,19983,시도유형문화유산,고불사 불설대보부모은중경,古佛寺 佛說大報父母㤙重經,부산,기장군,대한불교조계종고불사,21,21,0002070000000,N,2112102070000,2024-04-24 10:32:29
0,0,289,19689,시도유형문화유산,이원찬 필 호도,,부산,영도구,국립해양박물관,21,21,0002080000000,N,2112102080000,2022-08-29 17:55:56
0,0,290,19690,시도유형문화유산,나전칠국화모란넝쿨무늬상자,,부산,영도구,국립해양박물관,21,21,0002090000000,N,2112102090000,2024-04-24 10:32:29
0,0,291,19984,시도유형문화유산,관세음보살42수진언집,觀世音菩薩四十二手眞言集,부산,금정구,허＊＊＊,21,21,0002100000000,N,2112102100000,2026-02-25 14:55:02
0,0,292,19843,시도유형문화유산,보광사목조아미타여래삼존좌상,普光寺 木造阿彌陀如來三尊坐像,부산,동구,대＊＊＊,21,21,0002110000000,N,2112102110000,2022-08-29 17:55:56
0,0,293,20053,시도유형문화유산,해운정사 삼층석탑,,부산,해운대구,해운정사,21,21,0002120000000,N,2112102120000,2022-08-29 17:55:56
0,0,294,20056,시도유형문화유산,홍현주 필 산수도,洪顯周 筆 山水圖,부산,서구,동아대학교석당박물관,21,21,0002130000000,N,2112102130000,2022-08-29 17:55:56
0,0,295,20290,시도유형문화유산,묘법연화경,妙法蓮華經,부산,강서구,수능엄사,21,21,0002140000000,N,2112102140000,2022-09-09 14:25:03
0,0,296,20302,시도유형문화유산,현수제승법수,賢首諸乘法數,부산,금정구,허＊＊＊,21,21,0002150000000,N,2112102150000,2026-02-25 14:55:02
0,0,297,20262,시도유형문화유산,현수제승법수,賢首諸乘法數,부산,해운대구,정＊＊＊,21,21,0002160000000,N,2112102160000,2022-08-29 17:55:57
0,0,298,20303,시도유형문화유산,소총통,小銃筒,부산,금정구,부산대학교박물관,21,21,0002170000000,N,2112102170000,2024-04-24 10:32:30
0,0,299,20289,시도유형문화유산,휴대용 평면해시계(평면일영),携帶用平面해時計(平面日影),부산,서구,동＊＊＊,21,21,0002180000000,N,2112102180000,2024-04-24 10:32:30
0,0,300,20304,시도유형문화유산,독례집요 목판,讀禮輯要 木板,부산,남구,시립박물관(부산박물관),21,21,0002190000000,N,2112102190000,2022-08-29 17:55:57
0,0,301,20519,시도유형문화유산,관음보살도,觀音菩薩圖,부산,영도구,국립해양박물관,21,21,0002200000000,N,2112102200000,2023-06-02 12:25:03
0,0,302,20697,시도유형문화유산,상지은니 묘법연화경 권2,橡紙銀泥 妙法蓮華經卷二,부산,강서구,수＊＊＊,21,21,0002210000000,N,2112102210000,2024-04-24 10:32:30
0,0,303,20948,시도유형문화유산,묘법연화경 권4~7,妙法蓮華經 卷四∼七,부산,사하구,관＊＊＊,21,21,0002220000000,N,2112102220000,2024-04-24 10:32:31
0,0,304,21014,시도유형문화유산,대불정여래밀인수증요의제보살만행수능엄경 권1~5,大佛頂如來宻因修證了義諸菩薩萬行首楞嚴經 卷一~五,부산,남구,정＊＊＊,21,21,0002230000000,N,2112102230000,2023-05-02 12:25:02
0,0,305,21366,시도유형문화유산,목조여래좌상,木造如來坐像,부산,기장군,동＊＊＊,21,21,0002240000000,N,2112102240000,2024-07-10 16:25:02
0,0,306,21248,시도유형문화유산,상주 안수사명 동종,尙州 安水寺銘 銅鐘,부산,남구,부＊＊＊,21,21,0002250000000,N,2112102250000,2024-04-24 10:32:31
0,0,307,21262,시도유형문화유산,선종영가집,禪宗永嘉集,부산,해운대구,대원각사,21,21,0002260000000,N,2112102260000,2024-01-04 21:25:03
0,0,308,21235,시도유형문화유산,경국대전,經國大典,부산,부산진구,부＊＊＊,21,21,0002270000000,N,2112102270000,2024-04-24 10:32:31
0,0,309,21490,시도유형문화유산,귀거래도팔폭병풍,歸去來圖八幅屛風,부산,수영구,현＊＊＊,21,21,0002280000000,N,2112102280000,2025-04-09 11:55:03
0,0,310,21515,시도유형문화유산,범어사 범자문 소대,梵魚寺 梵字文 疏臺,부산,금정구,대한불교조계종 범어사(성보박물관),21,21,0002290000000,N,2112102290000,2024-10-08 17:25:02
0,0,311,21516,시도유형문화유산,범어사 신중도,梵魚寺 神衆圖,부산,금정구,대한불교조계종 범어사(성보박물관),21,21,0002300000000,N,2112102300000,2024-10-08 17:25:02
0,0,312,21608,시도유형문화유산,능인사 목조여래좌상,能仁寺 木造如來坐像,부산,사상구,대한불교조계종 능인사,21,21,0002310000000,N,2112102310000,2025-07-02 11:55:02
0,0,313,21644,시도유형문화유산,조선전도,朝鮮全圖,부산,영도구,국립해양박물관,21,21,0002320000000,N,2112412020001,2025-01-06 17:55:04
0,0,314,21645,시도유형문화유산,호좌영중기,湖左營重記,부산,영도구,국립해양박물관,21,21,0002330000000,N,2112412020002,2025-01-06 17:55:03
0,0,315,21763,시도유형문화유산,광명사 목조여래좌상,光明寺 木造如來坐像,부산,금정구,대＊＊＊,21,21,0002340000000,N,2112502250001,2025-02-25 16:55:01
0,0,316,22211,시도유형문화유산,함경도 해안지도,咸鏡道 海岸地圖,부산,영도구,국립해양박물관,21,21,0002350000000,N,2112604020019,2026-04-02 15:55:02
0,0,317,21983,시도유형문화유산,범어사 청련암 석조보살좌상(2025-2),,부산,금정구,청＊＊＊,21,21,0002360000000,N,2112508110001,2025-09-02 10:25:04
0,0,318,21999,시도유형문화유산,대불정여래밀인수증요의제보살만행수능엄경 권6~10,,부산,동래구,상륜덕화사,21,21,0002370000000,N,2112509020001,2026-01-08 13:55:06
0,0,319,22128,시도유형문화유산,목조지장보살좌상(2025),,부산,동래구,상＊＊＊,21,21,0002380000000,N,2112601080002,2026-01-08 14:25:02
0,0,320,22141,시도유형문화유산,동래부사 정언섭 관련 고문서,東萊府使 鄭彦燮 關聯 古文書,부산,남구,부＊＊＊,21,21,0002390000000,N,2112601120002,2026-01-12 17:25:01
0,0,321,22230,시도유형문화유산,동래부 사천면 고문서,東萊府 沙川面 古文書,부산,사상구,사＊＊＊,21,21,0002400000000,N,2112602020001,2026-04-13 09:55:01
35.1712174442295,129.113966243743,322,8781,시도무형유산,수영농청놀이,水營農廳놀이,부산,수영구,,22,21,0000020000000,N,2222100020000,2022-08-29 18:00:15
35.2246376383103,129.078472846537,323,8782,시도무형유산,동래학춤,東萊鶴춤,부산,동래구,,22,21,0000030000000,N,2222100030000,2022-08-29 18:00:15
35.2246376383103,129.078472846537,324,8783,시도무형유산,동래지신밟기,東萊地神밟기,부산,동래구,,22,21,0000040000000,N,2222100040000,2022-08-29 18:00:15
0,0,325,8784,시도무형유산,충렬사제향,忠烈祠祭享,부산,동래구,,22,21,0000050000000,N,2222100050000,2022-08-29 18:00:15
35.1239141865865,129.018499752101,326,8785,시도무형유산,부산농악,釜山農樂,부산,서구,,22,21,0000060000000,N,2222100060000,2024-04-24 10:35:19
0,0,327,8786,시도무형유산,다대포후리소리,多大浦후리소리,부산,사하구,,22,21,0000070000000,N,2222100070000,2025-08-04 10:55:05
35.2246376383103,129.078472846537,328,8787,시도무형유산,가야금산조(강태홍류),伽倻琴散調(姜太弘流),부산,동래구,,22,21,0000080000000,N,2222100080000,2022-08-29 18:00:15
0,0,329,8788,시도무형유산,부산영산재,釜山靈山齋,부산,사상구,,22,21,0000090000000,N,2222100090000,2023-06-26 11:25:02
35.2246376383103,129.078472846537,330,8789,시도무형유산,동래고무,東萊鼓舞,부산,동래구,,22,21,0000100000000,N,2222100100000,2022-08-29 18:00:15
35.1239141865865,129.018499752101,331,8790,시도무형유산,구덕망깨소리,구덕망깨소리,부산,서구,,22,21,0000110000000,N,2222100110000,2024-04-24 10:35:19
0,0,332,8791,시도무형유산,주성장,鑄成匠,부산,기장군,,22,21,0000120000000,N,2222100120000,2022-08-29 18:00:15
0,0,333,8792,시도무형유산,사기장,沙器匠,부산,기장군,,22,21,0000130000000,N,2222100130000,2022-08-29 18:00:16
0,0,334,8793,시도무형유산,동래한량춤,東萊閑良춤,부산,동래구,,22,21,0000140000000,N,2222100140000,2022-08-29 18:00:16
0,0,335,8794,시도무형유산,불화장,佛畵匠,부산,북구,,22,21,0000150000000,N,2222100150000,2022-08-29 18:00:16
0,0,336,8795,시도무형유산,아쟁산조,牙箏散調,부산,동래구,,22,21,0000160000000,N,2222100160000,2022-08-29 18:00:16
0,0,337,8796,시도무형유산,화혜장,靴鞋匠,부산,사하구,,22,21,0000170000000,N,2222100170000,2024-04-24 10:35:20
0,0,338,8797,시도무형유산,부산 고분도리걸립,,부산,서구,,22,21,0000180000000,N,2222100180000,2024-04-24 10:35:20
0,0,339,8798,시도무형유산,선화,禪畵,부산,수영구,,22,21,0000190000000,N,2222100190000,2024-04-24 10:35:20
0,0,340,8799,시도무형유산,목조각장,木彫刻匠,부산,강서구,강서구,22,21,0000200000000,N,2222100200000,2024-04-24 10:35:21
0,0,341,8800,시도무형유산,지연장,紙鳶匠,부산,동래구,,22,21,0000210000000,N,2222100210000,2024-04-24 10:35:21
0,0,342,8801,시도무형유산,수영지신밟기,,부산,수영구,,22,21,0000220000000,N,2222100220000,2022-09-07 15:55:04
0,0,343,8802,시도무형유산,부산 기장 오구굿,,부산,기장군,,22,21,0000230000000,N,2222100230000,2024-04-24 10:35:21
0,0,344,17629,시도무형유산,전각장,篆刻匠,부산,금정구,,22,21,0000240000000,N,2222100240000,2024-04-24 10:35:22
0,0,345,17312,시도무형유산,하단돛배 조선장,下端돛배 造船匠,부산,사하구,,22,21,0000250000000,N,2222100250000,2024-04-24 10:35:22
0,0,346,17630,시도무형유산,동장각장,銅章刻匠,부산,수영구,,22,21,0000260000000,N,2222100260000,2025-07-15 17:55:02
35.2159326016869,129.044568041225,347,9350,시도기념물,만덕사지,萬德寺址,부산,북구,부산광역시 북구,23,21,0000030000000,N,2332100030000,2023-11-09 03:55:13
35.179654942123,129.096260492875,348,9351,시도기념물,배산성지,盃山城址,부산,연제구,부산광역시 연제구,23,21,0000040000000,N,2332100040000,2024-04-24 10:36:08
35.207536283957,129.092241138699,349,9352,시도기념물,동래읍성지,東萊邑城址,부산,동래구,부산광역시 동래구,23,21,0000050000000,N,2332100050000,2023-11-09 08:55:21
35.2166916342311,129.006914434868,350,9353,시도기념물,구포왜성,龜浦倭城,부산,북구,부산광역시 북구,23,21,0000060000000,N,2332100060000,2023-11-09 03:55:13
35.1361663672079,129.061163409841,351,9354,시도기념물,부산진성,釜山鎭城,부산,동구,부산광역시 동구,23,21,0000070000000,N,2332100070000,2025-08-27 11:25:02
35.1703303692698,129.115748146319,352,9355,시도기념물,경상좌수영성지,慶尙左水營城址,부산,수영구,부산광역시 수영구,23,21,0000080000000,N,2332100080000,2025-10-17 14:55:02
35.0603316325568,128.972885457933,353,9356,시도기념물,윤공단,尹公壇,부산,사하구,부산광역시 사하구,23,21,0000090000000,N,2332100090000,2023-11-10 04:57:09
35.1351852735111,129.053663261713,354,9357,시도기념물,정공단,鄭公壇,부산,동구,부산광역시 동구,23,21,0000100000000,N,2332100100000,2024-04-04 16:25:01
35.2042124063043,129.085946667901,355,9358,시도기념물,송공단,宋公壇,부산,동래구,부산광역시 동래구,23,21,0000110000000,N,2332100110000,2023-11-09 08:55:21
35.1715500806236,129.113522026292,356,9359,시도기념물,25의용단,25義勇壇,부산,수영구,부산광역시 수영구,23,21,0000120000000,N,2332100120000,2025-06-26 18:04:06
35.2221087295647,129.073538690556,357,9360,시도기념물,임진동래의총,壬辰東萊義塚,부산,동래구,부산광역시 동래구,23,21,0000130000000,N,2332100130000,2023-11-09 03:56:37
35.2201408444736,129.081216890542,358,9361,시도기념물,온정개건비,溫井改建碑,부산,동래구,부산광역시 동래구,23,21,0000140000000,N,2332100140000,2023-11-09 03:56:37
35.2289086585213,129.081384509914,359,9362,시도기념물,금정산성 부설비,金井山城 復說碑,부산,금정구,부산광역시 금정구,23,21,0000150000000,N,2332100150000,2024-04-15 16:25:01
35.2095910997194,129.09014722754,360,9363,시도기념물,내주축성비,萊州築城碑,부산,동래구,부산광역시 동래구,23,21,0000160000000,N,2332100160000,2023-11-09 08:55:20
35.1295802,129.0938034,361,9364,시도기념물,약조제찰비,約條製札碑,부산,남구,시립박물관(부산박물관),23,21,0000170000000,N,2332100170000,2023-11-09 08:55:19
35.1295802,129.0938034,362,9365,시도기념물,척화비,斥和碑,부산,남구,시립박물관(부산박물관),23,21,0000180000000,N,2332100180000,2023-11-09 08:55:19
35.1357381,129.0604501,363,9366,시도기념물,부산진성 서문성곽우주석,釜山鎭城 西門城廓隅柱石,부산,동구,부산광역시 동구,23,21,0000190000000,N,2332100190000,2026-05-12 15:25:03
35.0402389,128.9699095,364,9367,시도기념물,정운공 순의비,鄭運公 殉義碑,부산,사하구,부산광역시 사하구,23,21,0000200000000,N,2332100200000,2023-11-10 04:57:08
35.1295802,129.0938034,365,9368,시도기념물,동래 남문비,東萊 南門碑,부산,남구,시립박물관(부산박물관),23,21,0000210000000,N,2332100210000,2023-11-09 08:55:19
35.1936117665238,129.092334001922,366,9380,시도기념물,이섭교비,利涉橋碑,부산,동래구,부산광역시 동래구,23,21,0000330000000,N,2332100330000,2023-11-09 08:55:21
35.0303419628106,128.818082605025,367,9381,시도기념물,천성진성,天城鎭城,부산,강서구,부산광역시 강서구,23,21,0000340000000,N,2332100340000,2023-11-09 03:55:57
35.0645446,128.8344362,368,9382,시도기념물,가덕도 척화비,加德島 斥和碑,부산,강서구,부산광역시 강서구,23,21,0000350000000,N,2332100350000,2023-11-09 03:55:57
35.3282915938515,129.295631725301,369,9385,시도기념물,기장 아이봉수대,機張 阿爾烽燧臺,부산,기장군,부산광역시 기장군,23,21,0000380000000,N,2332100380000,2023-11-09 03:55:57
35.25758591281,129.215823129421,370,9386,시도기념물,기장향교,機張鄕校,부산,기장군,기장향교,23,21,0000390000000,N,2332100390000,2023-11-09 03:55:14
35.2443020306666,129.211859140854,371,9387,시도기념물,기장읍성,機張邑成,부산,기장군,부산광역시 기장군,23,21,0000400000000,N,2332100400000,2023-11-09 03:55:15
35.2246958,129.2273014,372,9388,시도기념물,기장척화비,機張斥和碑,부산,기장군,부산광역시 기장군,23,21,0000410000000,N,2332100410000,2023-11-09 03:55:15
35.2830983232736,129.098938296541,373,9389,시도기념물,노포동 고분군,老圃洞 古墳群,부산,금정구,부산광역시 금정구,23,21,0000420000000,N,2332100420000,2024-12-13 15:28:12
35.1352117922754,128.875267699284,374,9390,시도기념물,생곡동 가달고분군,生谷洞 加達古墳群,부산,강서구,부산광역시 강서구,23,21,0000430000000,N,2332100430000,2023-11-09 03:55:15
35.1559716482698,128.881335490279,375,9391,시도기념물,범방동 패총,凡方洞 貝塚,부산,강서구,부산광역시 강서구,23,21,0000440000000,N,2332100440000,2023-11-09 03:55:15
35.1521,129.1527,376,9392,시도기념물,해운대석각,海雲臺石刻,부산,해운대구,부산광역시 해운대구,23,21,0000450000000,N,2332100450000,2023-11-09 03:55:15
35.1948707150033,128.899068878924,377,9394,시도기념물,김해 죽도왜성,金海 竹島倭城,부산,강서구,부산광역시 강서구,23,21,0000470000000,N,2332100470000,2023-11-09 03:55:16
35.2428407056104,129.241532962265,378,9395,시도기념물,기장죽성리왜성,機張竹城里倭城,부산,기장군,부산광역시 기장군,23,21,0000480000000,N,2332100480000,2023-11-09 03:55:16
35.1026406945268,129.031276352942,379,9396,시도기념물,구 동양척식주식회사 부산지점,舊)東洋拓植株式會社釜山支店,부산,중구,부산근현대역사관,23,21,0000490000000,N,2332100490000,2026-02-03 19:25:02
35.1046988030425,129.032177235974,380,9398,시도기념물,부산지방기상청,釜山地方氣象廳,부산,중구,부산지방기상청,23,21,0000510000000,N,2332100510000,2026-02-03 19:55:02
35.1408349,129.0927619,381,9399,시도기념물,사처석교비,四處石橋碑,부산,남구,시립박물관(부산박물관),23,21,0000520000000,N,2332100520000,2024-04-24 10:36:09
35.1818006734298,129.115106821888,382,9401,시도기념물,정과정유적지,鄭瓜亭遺蹟址,부산,수영구,부산광역시 수영구,23,21,0000540000000,N,2332100540000,2023-11-09 03:55:16
35.1347959126116,129.052899360788,383,9402,시도기념물,부산진일신여학교,釜山鎭日新女學校,부산,동구,(재)대한예수교장로회유지재단,23,21,0000550000000,N,2332100550000,2024-04-24 10:36:10
35.0955502464534,129.036466414641,384,9403,시도기념물,영도대교,影島大橋,부산,영도구,부산시설공단,23,21,0000560000000,N,2332100560000,2023-11-09 08:55:19
35.2419051569783,129.193764092476,385,9406,시도기념물,기장산성,機張山城,부산,기장군,부산광역시 기장군,23,21,0000590000000,N,2332100590000,2024-04-24 10:36:10
35.2033097498872,129.086166649306,386,9407,시도기념물,동래부 동헌,東萊府 東軒,부산,동래구,부산광역시 동래구,23,21,0000600000000,N,2332100600000,2023-11-09 08:55:21
0,0,387,9408,시도기념물,동래향교,東萊鄕校,부산,동래구,동래향교,23,21,0000610000000,N,2332100610000,2023-11-09 03:55:58
35.2470204387386,129.016872242657,388,9410,시도기념물,금곡동 율리 바위그늘유적,金谷洞 栗里 巖陰遺蹟,부산,북구,부산광역시 북구,23,21,0000630000000,N,2332100630000,2023-11-09 03:55:58
0,0,389,16677,시도기념물,충장공 정발 전망비,忠壯公 鄭撥 戰亡碑,부산,동구,부산광역시 동구,23,21,0000640000000,N,2332100640000,2025-06-26 18:02:49
0,0,390,20775,시도기념물,구 부산미군장교클럽,舊 釜山美軍將校-,부산,부산진구,부산시설관리공단,23,21,0000650000000,N,2332100650000,2023-11-10 11:25:02
35.2842321,129.0686611,391,11296,시도민속문화유산,황실축원장엄수,皇室祝願莊嚴繡,부산,금정구,대한불교조계종범어사,24,21,0000010000000,N,2442100010000,2023-11-08 21:25:15
35.2014117,129.0962765,392,11297,시도민속문화유산,다대첨사영 갑주,多大僉使營 甲胄,부산,동래구,충렬사관리사무소,24,21,0000020000000,N,2442100020000,2023-11-08 21:25:15
35.2014117,129.0962765,393,11298,시도민속문화유산,동래영 갑주,東萊營 甲胄,부산,동래구,충렬사관리사무소,24,21,0000030000000,N,2442100030000,2023-11-08 21:25:15
35.2014117,129.0962765,394,11299,시도민속문화유산,동래영구군복,東萊營具軍服,부산,동래구,충렬사관리사무소,24,21,0000040000000,N,2442100040000,2023-11-08 21:25:15
35.3746205,129.2329449,395,11300,시도민속문화유산,장안사연,長安寺 輦,부산,기장군,대한불교조계종범어사(성보박물관),24,21,0000050000000,N,2442100050000,2024-04-24 10:36:52
35.1923623211617,129.155504128831,396,11301,시도민속문화유산,장산 마고당·천제단,&#33799;山 麻姑堂·天祭壇,부산,해운대구,장산신당보존관리위원회,24,21,0000060000000,N,2442100060000,2023-11-08 21:25:15
0,0,397,11302,시도민속문화유산,박기종 관복 일괄,朴琪淙 官服 一括,부산,남구,시립박물관(부산박물관),24,21,0000070000000,N,2442100070000,2023-11-09 05:55:35
0,0,398,11303,시도민속문화유산,박기종 대례복 일괄,朴琪淙 大禮服 一括,부산,남구,시립박물관(부산박물관),24,21,0000080000000,N,2442100080000,2024-04-24 10:36:53
0,0,399,11304,시도민속문화유산,박기종 통상복 일괄,朴琪淙 通常服 一括,부산,남구,시립박물관(부산박물관),24,21,0000090000000,N,2442100090000,2024-04-24 10:36:53
0,0,400,16647,시도민속문화유산,장안사 명부전 삼번상,長安寺 冥府殿 三幡床,부산,기장군,대한불교조계종범어사(성보박물관),24,21,0000100000000,N,2442100100000,2024-04-24 10:36:53
0,0,401,16649,시도민속문화유산,장안사 응진전 법대경상,長安寺 應眞殿 法臺經床,부산,기장군,대＊＊＊,24,21,0000110000000,N,2442100110000,2024-04-24 10:36:54
0,0,402,18007,시도민속문화유산,해련사 동래부 인상,海蓮寺 東萊府 印床,부산,영도구,해련사,24,21,0000120000000,N,2442100120000,2023-11-09 02:25:39
0,0,403,18008,시도민속문화유산,해련사 장엄의식구,海蓮寺 莊嚴儀式具,부산,영도구,해련사,24,21,0000130000000,N,2442100130000,2023-11-09 02:25:39
0,0,404,16678,시도민속문화유산,소림사 오방번,少林寺 五方幡,부산,동구,대＊＊＊,24,21,0000140000000,N,2442100140000,2023-11-09 02:25:39
0,0,405,16679,시도민속문화유산,소림사 칠여래번,少林寺 칠如來幡,부산,동구,대＊＊＊,24,21,0000150000000,N,2442100150000,2023-11-09 02:25:39
0,0,406,16676,시도민속문화유산,수영야류 탈,,부산,서구,동아대학교석당박물관,24,21,0000160000000,N,2442100160000,2024-04-24 10:36:54
0,0,407,17269,시도민속문화유산,범어사 목조,梵魚寺 木槽,부산,금정구,대한불교조계종범어사,24,21,0000170000000,N,2442100170000,2024-04-24 10:36:54
0,0,408,17270,시도민속문화유산,범어사 오방번,梵魚寺 五方幡,부산,금정구,대한불교조계종범어사,24,21,0000180000000,N,2442100180000,2024-04-24 10:36:54
0,0,409,18074,시도민속문화유산,농기,,부산,영도구,국립해양박물관,24,21,0000190000000,N,2442100190000,2023-11-09 06:55:36
0,0,410,20572,시도등록문화유산,부산 아미동 비석마을 피란민 주거지,釜山 峨嵋洞 碑石村 避亂民 住居址,부산,서구,부＊＊＊,25,21,0000010000000,N,4422100010000,2022-09-05 19:25:04
0,0,411,20909,시도등록문화유산,감로도,甘露圖,부산,영도구,국＊＊＊,25,21,0000020000000,N,4422100020000,2023-06-02 14:25:05
0,0,412,21236,시도등록문화유산,한일 외교 관련서 일괄,(韓日外交關聯書一括),부산,부산진구,부＊＊＊,25,21,0000030000000,N,4422100030000,2024-04-24 10:39:05
0,0,413,21237,시도등록문화유산,부산항총무회소,釜山港總務會所,부산,부산진구,부＊＊＊,25,21,0000040000000,N,4422100040000,2024-04-24 10:39:05
0,0,414,21286,시도등록문화유산,노상익 방령심의,盧相益 方領深衣,부산,금정구,부＊＊＊,25,21,0000050000000,N,4422100050000,2024-04-24 10:39:05
0,0,415,21951,시도등록문화유산,부산항 제1부두,,부산,중구,부산시설공단,25,21,0000060000000,N,4422505080001,2026-01-06 10:55:02
0,0,416,21433,시도등록문화유산,부산도시철도 1호선 1편성(舊),,부산,금정구,부＊＊＊,25,21,0000070000000,N,4422100070000,2025-01-04 14:55:02
0,0,417,22144,시도등록문화유산,구산단,龜山壇,부산,기장군,해＊＊＊,25,21,0000080000000,N,4422601130001,2026-01-13 10:55:02
35.2294768697724,129.161350354961,418,11930,문화유산자료,반송삼절사,盤松三節祠,부산,해운대구,남원양씨삼절사반송문회,31,21,0000010000000,N,3412100010000,2022-08-29 18:04:04
35.2341882325232,129.232970747606,419,11931,문화유산자료,기장남산봉수대,機張南山烽燧臺,부산,기장군,부산광역시 기장군,31,21,0000020000000,N,3412100020000,2022-08-29 18:04:04
35.2842321,129.0686611,420,11932,문화유산자료,범어사청동은입사향완,梵魚寺 靑銅銀入絲 香盌,부산,금정구,대＊＊＊,31,21,0000030000000,N,3412100030000,2022-08-29 18:04:04
35.2842321,129.0686611,421,11933,문화유산자료,범어사 유제 대발,道光銘 鍮製 大鉢,부산,금정구,대＊＊＊,31,21,0000040000000,N,3412100040000,2023-04-13 15:25:03
35.2842321,129.0686611,422,11934,문화유산자료,범어사 대웅전 청동북,梵魚寺 大雄殿 靑銅金鼓,부산,금정구,대＊＊＊,31,21,0000050000000,N,3412100050000,2022-08-29 18:04:04
35.2842321,129.0686611,423,11935,문화유산자료,범어사 선방 축성패,梵魚寺 禪房 祝聖牌,부산,금정구,대＊＊＊,31,21,0000060000000,N,3412100060000,2022-08-29 18:04:04
35.1625916606683,129.125461861544,424,11936,문화유산자료,마애지장보살좌상,磨崖地藏菩薩坐像,부산,수영구,옥련선원,31,21,0000070000000,N,3412100070000,2024-04-24 10:37:09
0,0,425,11937,문화유산자료,동래부사 유심 선정비,東萊府使 柳淰 善政碑,부산,남구,시립박물관(부산박물관),31,21,0000080000000,N,3412100080000,2023-06-30 15:55:02
35.1862757,129.0848906,426,11938,문화유산자료,혜원정사 팔상도,慧苑精舍 八相圖,부산,연제구,혜원정사,31,21,0000090000000,N,3412100090000,2024-04-24 10:37:10
35.2842321,129.0686611,427,11939,문화유산자료,범어사아미타극락회상도,梵魚寺阿彌陀極樂會上圖,부산,금정구,대＊＊＊,31,21,0000100000000,N,3412100100000,2022-08-29 18:04:05
35.2842321,129.0686611,428,11940,문화유산자료,범어사청풍당아미타극락회상도,梵魚寺淸風堂阿彌陀極樂會上圖,부산,금정구,대＊＊＊,31,21,0000110000000,N,3412100110000,2024-04-24 10:37:10
35.2842321,129.0686611,429,11941,문화유산자료,범어사 아미타이십육보살도,梵魚寺 阿彌陀二十六菩薩圖,부산,금정구,대한불교조계종범어사,31,21,0000120000000,N,3412100120000,2022-08-29 18:04:05
35.2842321,129.0686611,430,11942,문화유산자료,범어사비로자나불회도,梵魚寺毘盧舍那佛會圖,부산,금정구,대＊＊＊,31,21,0000130000000,N,3412100130000,2022-08-29 18:04:05
35.2842321,129.0686611,431,11943,문화유산자료,범어사칠성도,梵魚寺七星圖,부산,금정구,대＊＊＊,31,21,0000140000000,N,3412100140000,2022-08-29 18:04:05
35.1636192,129.0875441,432,11944,문화유산자료,마하사 영산회상도,摩訶寺 靈山會上圖,부산,금정구,범어사,31,21,0000150000000,N,3412100150000,2024-01-10 14:25:02
35.1636192,129.0875441,433,11945,문화유산자료,마하사 응진전 영산회상도,摩訶寺 應眞殿 靈山會上圖,부산,연제구,마하사,31,21,0000160000000,N,3412100160000,2022-08-29 18:04:05
35.1636192,129.0875441,434,11946,문화유산자료,마하사 응진전 십육나한도,摩訶寺 應眞殿 十六羅漢圖,부산,연제구,마하사,31,21,0000170000000,N,3412100170000,2022-08-29 18:04:05
35.1636192,129.0875441,435,11947,문화유산자료,마하사 대웅전 석조석가여래삼존상,摩訶寺 大雄殿 石造釋迦如來三尊像,부산,연제구,마하사,31,21,0000180000000,N,3412100180000,2022-08-29 18:04:05
35.1636192,129.0875441,436,11948,문화유산자료,마하사 응진전 목조석가여래좌상,摩訶寺 應眞殿 木造釋迦如來坐像,부산,금정구,범어사,31,21,0000190000000,N,3412100190000,2024-01-10 14:25:02
35.1636192,129.0875441,437,11949,문화유산자료,마하사 응진전 석조나한상,摩訶寺 應眞殿 石造羅漢像,부산,연제구,마하사,31,21,0000200000000,N,3412100200000,2022-08-29 18:04:05
35.2842321,129.0686611,438,11950,문화유산자료,범어사목조시방삼보자존패,梵魚寺木造十方三寶慈尊牌,부산,금정구,대＊＊＊,31,21,0000210000000,N,3412100210000,2024-04-24 10:37:10
35.2842321,129.0686611,439,11951,문화유산자료,범어사목조석가여래위패,梵魚寺木造釋迦如來位牌,부산,금정구,대＊＊＊,31,21,0000220000000,N,3412100220000,2024-04-24 10:37:11
35.2842321,129.0686611,440,11953,문화유산자료,범어사목제어피인통,梵魚寺木製魚皮印筒,부산,금정구,대＊＊＊,31,21,0000240000000,N,3412100240000,2022-08-29 18:04:06
35.2842321,129.0686611,441,11954,문화유산자료,범어사연,梵魚寺輦,부산,금정구,대＊＊＊,31,21,0000250000000,N,3412100250000,2022-08-29 18:04:06
35.2842321,129.0686611,442,11955,문화유산자료,범어사바라,梵魚寺바라,부산,금정구,대＊＊＊,31,21,0000260000000,N,3412100260000,2022-08-29 18:04:06
35.1769363,129.0277584,443,11956,문화유산자료,선암사 괘불탱,仙巖寺 掛佛幀,부산,부산진구,선＊＊＊,31,21,0000270000000,N,3412100270000,2022-09-12 12:25:02
35.1216423,129.0201433,444,11957,문화유산자료,변관식필영도교,卞寬植筆影島僑,부산,서구,동아대학교석당박물관,31,21,0000280000000,N,3412100280000,2024-04-24 10:37:11
35.2141431,129.1699083,445,11958,문화유산자료,안적사지장시왕도,安寂寺地藏十王圖,부산,기장군,안적사,31,21,0000290000000,N,3412100290000,2024-04-24 10:37:11
35.2141431,129.1699083,446,11959,문화유산자료,안적사아미타극락회상도,安寂寺阿彌陀極樂會上圖,부산,기장군,안적사,31,21,0000300000000,N,3412100300000,2022-08-29 18:04:06
35.1433188,129.0276671,447,11960,문화유산자료,대원사 독성도,大願寺 獨聖圖,부산,부산진구,대＊＊＊,31,21,0000310000000,N,3412100310000,2023-11-10 11:25:03
35.1216423,129.0201433,448,11961,문화유산자료,미인도,美人圖,부산,서구,동아대학교석당박물관,31,21,0000320000000,N,3412100320000,2024-04-24 10:37:12
35.133035,129.0490192,449,11962,문화유산자료,연등사 영산회상도,燃燈寺 靈山會上圖,부산,동구,대한불교조계종 연등사,31,21,0000330000000,N,3412100330000,2025-06-26 18:02:48
35.11733,128.9190842,450,11963,문화유산자료,청량사 영산회상도,淸凉寺 靈山會上圖,부산,강서구,청량사,31,21,0000340000000,N,3412100340000,2026-01-13 10:55:02
35.0828429,129.0499607,451,11964,문화유산자료,복천사석가영산회상도,福泉寺釋迦靈山會上圖,부산,영도구,복천사,31,21,0000350000000,N,3412100350000,2024-04-24 10:37:12
35.2524838865327,129.054148625203,452,11965,문화유산자료,금정진 관아터,金井鎭官衙址,부산,금정구,부산광역시 금정구,31,21,0000360000000,N,3412100360000,2024-12-13 15:28:12
35.1769363,129.0277584,453,11966,문화유산자료,선암사 청동북,仙巖寺 靑銅金鼓,부산,부산진구,선＊＊＊,31,21,0000370000000,N,3412100370000,2022-08-29 18:04:06
35.0828429,129.0499607,454,11967,문화유산자료,복천사독성도및복장유물일괄,福泉寺 獨聖圖 및 服藏遺物 一括,부산,영도구,복＊＊＊,31,21,0000380000000,N,3412100380000,2024-04-24 10:37:12
35.0828429,129.0499607,455,11968,문화유산자료,복천사현왕도및복장유물일괄,福泉寺 現王圖 및 服藏遺物 一括,부산,영도구,복천사,31,21,0000390000000,N,3412100390000,2024-04-24 10:37:13
35.1408349,129.0927619,456,11969,문화유산자료,동래부산도병,東萊釜山圖屛,부산,남구,시립박물관(부산박물관),31,21,0000400000000,N,3412100400000,2022-08-29 18:04:07
35.3770403,129.2290163,457,11970,문화유산자료,척판암석조여래좌상,擲板庵 石造如來坐像,부산,기장군,척판암,31,21,0000410000000,N,3412100410000,2022-08-29 18:04:07
35.3241101,129.2661029,458,11971,문화유산자료,묘관음사오여래탱,妙觀音寺 五如來幀,부산,기장군,묘관음사,31,21,0000420000000,N,3412100420000,2022-08-29 18:04:07
35.1836762,129.0125768,459,11972,문화유산자료,운수사아미타삼존도,雲水寺 阿彌陀三尊圖,부산,사상구,운수사,31,21,0000430000000,N,3412100430000,2024-04-24 10:37:13
35.2536125,129.0548705,460,11973,문화유산자료,국청사금정산성승장인,國淸寺 金井山城僧將印,부산,금정구,대한불교조계종범어사(성보박물관),31,21,0000440000000,N,3412100440000,2022-08-29 18:04:07
35.2842321,129.0686611,461,11974,문화유산자료,범어사자수수복문병풍,梵魚寺 刺繡壽福文 屛風,부산,금정구,대한불교조계종범어사,31,21,0000450000000,N,3412100450000,2024-04-24 10:37:13
35.3241101,129.2661029,462,11975,문화유산자료,묘관음사불자,妙觀音寺 拂子,부산,기장군,묘관음사,31,21,0000460000000,N,3412100460000,2024-04-24 10:37:14
35.2872027,129.0669074,463,11977,문화유산자료,범어사내원암석조보살좌상,梵魚寺 內院庵 石造菩薩坐像,부산,금정구,내원암,31,21,0000480000000,N,3412100480000,2022-08-29 18:04:07
35.0857025,129.0440291,464,11978,문화유산자료,복천사석조석가여래및보살좌상,福泉寺 石造釋迦如來 및 菩薩坐像,부산,영도구,복천사,31,21,0000490000000,N,3412100490000,2024-04-24 10:37:14
0,0,465,11979,문화유산자료,인지사 석조보살좌상,仁智寺 石造菩薩座像,부산,해운대구,인＊＊＊,31,21,0000500000000,N,3412100500000,2022-08-29 18:04:07
35.1832929,129.0500057,466,11980,문화유산자료,교린수지,交隣須知,부산,부산진구,부＊＊＊,31,21,0000510000000,N,3412100510000,2023-11-10 11:25:03
35.2679194,129.0870773,467,11981,문화유산자료,석조여래좌상,石造如來坐像,부산,금정구,금정중학교,31,21,0000520000000,N,3412100520000,2022-08-29 18:04:08
35.1769363,129.0277584,468,11982,문화유산자료,선암사 삼층석탑,仙巖寺 三層石塔,부산,부산진구,선암사,31,21,0000530000000,N,3412100530000,2022-08-29 18:04:08
35.1046988,129.0193361,469,11983,문화유산자료,쌍구장경호,雙口長頸壺,부산,서구,동아대학교석당박물관,31,21,0000540000000,N,3412100540000,2022-08-29 18:04:08
35.1046988,129.0193361,470,11984,문화유산자료,마문장경호,馬文長頸壺,부산,서구,동아대학교석당박물관,31,21,0000550000000,N,3412100550000,2022-08-29 18:04:08
35.1046988,129.0193361,471,11985,문화유산자료,전 이순신 초상,傳 李舜臣 肖像,부산,서구,동아대학교석당박물관,31,21,0000560000000,N,3412100560000,2022-08-29 18:04:08
0,0,472,11986,문화유산자료,범어사 고려삼층석탑,梵魚寺 高麗三層石塔,부산,금정구,대한불교조계종범어사,31,21,0000570000000,N,3412100570000,2024-04-24 10:37:14
0,0,473,11987,문화유산자료,신흥사 치성광삼존도,新興寺 熾盛光三尊圖,부산,부산진구,가야 청계사,31,21,0000580000000,N,3412100580000,2023-01-06 10:25:02
0,0,474,11988,문화유산자료,용적사 독성도,龍積寺 獨聖圖,부산,강서구,용적사,31,21,0000590000000,N,3412100590000,2022-08-29 18:04:08
0,0,475,11990,문화유산자료,백련사 석조여래좌상,白蓮寺 石造如來坐像,부산,남구,백련사,31,21,0000610000000,N,3412100610000,2024-04-24 10:37:15
0,0,476,11991,문화유산자료,취정사 석조여래좌상,鷲井寺 石造如來坐像,부산,기장군,김응규,31,21,0000620000000,N,3412100620000,2022-08-29 18:04:08
0,0,477,11992,문화유산자료,기장향교 풍화루,機張鄕校 風化樓,부산,기장군,기장향교,31,21,0000630000000,N,3412100630000,2024-04-24 10:37:15
0,0,478,11993,문화유산자료,홍제사 보광암명 범종,弘齊寺 寶光庵銘 梵鐘,부산,부산진구,홍제사,31,21,0000640000000,N,3412100640000,2022-08-29 18:04:08
0,0,479,11994,문화유산자료,동래향교 반화루,東萊鄕校 攀化樓,부산,동래구,동래향교,31,21,0000650000000,N,3412100650000,2024-04-24 10:37:15
0,0,480,11995,문화유산자료,안심사 삼세불회도,安心寺 三世佛會圖,부산,북구,안심사,31,21,0000660000000,N,3412100660000,2022-08-29 18:04:09
0,0,481,11996,문화유산자료,원각사 현왕도,圓覺寺 現王圖,부산,해운대구,원＊＊＊,31,21,0000670000000,N,3412100670000,2022-08-29 18:04:09
0,0,482,11997,문화유산자료,승학사 석조여래좌상,乘鶴寺 石造如來坐像,부산,사상구,승학사,31,21,0000680000000,N,3412100680000,2022-08-29 18:04:09
0,0,483,11998,문화유산자료,금강사 묘법연화경,金剛寺 妙法蓮華經,부산,동래구,금강사,31,21,0000690000000,N,3412100690000,2022-08-29 18:04:09
35.1025083657799,129.032160387012,484,11999,문화유산자료,구 한국은행 부산본부,舊 韓國銀行 釜山本部,부산,중구,시립박물관(부산근현대역사관),31,21,0000700000000,N,3412100700000,2023-09-14 12:25:02
0,0,485,12000,문화유산자료,삼강행실도,三綱行實圖,부산,금정구,부산대학교도서관,31,21,0000710000000,N,3412100710000,2022-08-29 18:04:09
0,0,486,12002,문화유산자료,광포도,廣浦圖,부산,서구,동아대학교석당박물관,31,21,0000730000000,N,3412100730000,2022-08-29 18:04:09
0,0,487,15340,문화유산자료,고불사 선종영가집,古佛寺 禪宗永嘉集,부산,기장군,대한불교조계종고불사,31,21,0000740000000,N,3412100740000,2024-04-24 10:37:16
0,0,488,15341,문화유산자료,대혜보각선사서,大慧普覺禪師書,부산,기장군,김＊＊＊,31,21,0000750000000,N,3412100750000,2026-01-16 13:55:06
0,0,489,15342,문화유산자료,백련사 고려사,白蓮寺 高麗史,부산,남구,백련사,31,21,0000760000000,N,3412100760000,2025-01-15 10:55:03
0,0,490,15343,문화유산자료,범어사 사자암 칠성도,梵魚寺 獅子庵 七星圖,부산,금정구,대한불교조계종범어사,31,21,0000770000000,N,3412100770000,2022-08-29 18:04:09
0,0,491,17664,문화유산자료,해운정사 선문염송집,海雲精舍 禪門拈頌集,부산,해운대구,해＊＊＊,31,21,0000780000000,N,3412100780000,2022-08-29 18:04:09
0,0,492,16840,문화유산자료,해운정사 현수제승법수,海雲精舍 賢首諸乘法數,부산,해운대구,해운정사,31,21,0000790000000,N,3412100790000,2024-04-24 10:37:16
0,0,493,16411,문화유산자료,동림사 묘법연화경 권4-7,東林寺 妙法蓮華經 卷四-七,부산,기장군,동＊＊＊,31,21,0000800000000,N,3412100800000,2022-08-29 18:04:10
0,0,494,17665,문화유산자료,거제선생안,,부산,금정구,부＊＊＊,31,21,0000810000000,N,3412100810000,2022-08-29 18:04:10
0,0,495,16447,문화유산자료,한중일관계사료초,韓中日關係史料抄,부산,금정구,부산대학교도서관,31,21,0000820000000,N,3412100820000,2022-09-21 10:25:04
0,0,496,17666,문화유산자료,실상사 신중도,實相寺 神衆圖,부산,동구,대＊＊＊,31,21,0000830000000,N,3412100830000,2024-04-24 10:37:17
0,0,497,17667,문화유산자료,실상사 칠성도,實相寺 七星圖,부산,동구,대＊＊＊,31,21,0000840000000,N,3412100840000,2025-06-26 18:02:49
0,0,498,16648,문화유산자료,금산사 산신도,金山寺 山神圖,부산,기장군,,31,21,0000850000000,N,3412100850000,2024-04-24 10:37:17
0,0,499,17668,문화유산자료,석조석가여래좌상,石造釋迦如來坐像,부산,금정구,부＊＊＊,31,21,0000860000000,N,3412100860000,2022-10-13 15:25:05
0,0,500,16524,문화유산자료,대성사 대방광원각수다라요의경(언해),大成寺 大方廣圓覺修多羅了義經(諺解),부산,서구,대성사,31,21,0000870000000,N,3412100870000,2024-04-24 10:37:18
0,0,501,16809,문화유산자료,구 부산 임시측후소 청사,舊 釜山 臨時測候所 廳舍,부산,중구,부산광역시 중구,31,21,0000880000000,N,3412100880000,2024-04-24 10:37:18
0,0,502,16815,문화유산자료,용적사 산신도,,부산,강서구,용적사,31,21,0000890000000,N,3412100890000,2022-09-09 14:25:03
0,0,503,17669,문화유산자료,옥정사 지장시왕도,,부산,기장군,옥＊＊＊,31,21,0000900000000,N,3412100900000,2022-08-29 18:04:10
0,0,504,17670,문화유산자료,옥정사 신중도,,부산,기장군,옥＊＊＊,31,21,0000910000000,N,3412100910000,2022-08-29 18:04:10
0,0,505,17671,문화유산자료,옥정사 칠성도,,부산,기장군,옥＊＊＊,31,21,0000920000000,N,3412100920000,2024-04-24 10:37:18
0,0,506,17672,문화유산자료,범망경노사나불설보살심지계품제십권화,,부산,금정구,김＊＊＊,31,21,0000930000000,N,3412100930000,2026-04-20 18:25:03
0,0,507,17271,문화유산자료,범어사 왕비전하수제연패,梵魚寺 世子邸下壽千秋牌,부산,금정구,대한불교조계종범어사,31,21,0000940000000,N,3412100940000,2024-01-10 14:25:02
0,0,508,17272,문화유산자료,범어사 세자저하수천추패,梵魚寺 世子邸下壽千秋牌,부산,금정구,대한불교조계종범어사,31,21,0000950000000,N,3412100950000,2022-09-07 17:25:04
0,0,509,17673,문화유산자료,범어사 유제로,梵魚寺 鍮製爐,부산,금정구,대한불교조계종범어사,31,21,0000960000000,N,3412100960000,2022-09-07 17:25:04
0,0,510,17273,문화유산자료,범어사 청수관,梵魚寺 淸水罐,부산,금정구,대한불교조계종범어사,31,21,0000970000000,N,3412100970000,2022-09-07 17:25:04
0,0,511,17361,문화유산자료,기장 지장암 칠성도,機張 地藏庵 七星圖,부산,기장군,지장암,31,21,0000980000000,N,3412100980000,2024-04-24 10:37:19
0,0,512,17198,문화유산자료,백자철화운룡문호,白磁鐵畵雲龍文壺,부산,영도구,국립해양박물관,31,21,0000990000000,N,3412100990000,2022-08-29 18:04:11
0,0,513,17340,문화유산자료,범어사 영탱,梵魚寺 影幁,부산,금정구,대한불교조계종범어사,31,21,0001000000000,N,3412101000000,2022-09-27 15:25:04
0,0,514,17341,문화유산자료,범어사 현감당 묘전대사 진영,梵魚寺 玄鑑堂 妙全大師 眞影,부산,금정구,대한불교조계종범어사,31,21,0001010000000,N,3412101010000,2022-09-07 18:25:06
0,0,515,17469,문화유산자료,범어사 석조,梵魚寺 石槽,부산,금정구,대한불교조계종범어사,31,21,0001020000000,N,3412101020000,2022-09-27 15:55:01
0,0,516,17674,문화유산자료,연등사 석조지장보살좌상,,부산,동구,대＊＊＊,31,21,0001030000000,N,3412101030000,2022-08-29 18:04:11
0,0,517,19989,문화유산자료,범어사 나한전 석가모니불회도,梵魚寺 羅漢殿 釋迦牟尼佛會圖,부산,금정구,대＊＊＊,31,21,0001040000000,N,3412101040000,2022-09-07 18:25:06
0,0,518,19985,문화유산자료,범어사 나한전 십육나한도,梵魚寺 羅漢殿 十六羅漢圖,부산,금정구,대한불교조계종범어사,31,21,0001050000000,N,3412101050000,2022-09-07 18:25:04
0,0,519,19986,문화유산자료,범어사 팔상전 석가모니불회도,梵魚寺 八相殿 釋迦牟尼佛會圖,부산,금정구,대한불교조계종범어사,31,21,0001060000000,N,3412101060000,2022-09-07 18:25:06
0,0,520,18159,문화유산자료,미륵사 불설대보부모은중경,彌勒寺 佛說大報父母㤙重經,부산,북구,미륵사,31,21,0001070000000,N,3412101070000,2024-01-03 18:25:05
0,0,521,19615,문화유산자료,조행일록,漕行日錄,부산,영도구,국립해양박물관,31,21,0001080000000,N,3412101080000,2022-08-29 18:04:12
0,0,522,19616,문화유산자료,죽천이공행적록,竹泉李公行蹟錄,부산,영도구,국립해양박물관,31,21,0001090000000,N,3412101090000,2023-01-18 18:25:01
0,0,523,19978,문화유산자료,청량사 예념미타도량참법 권6~10,淸凉寺 禮念彌陁道塲懺法 卷六~十,부산,기장군,청량사,31,21,0001100000000,N,3412101100000,2024-04-24 10:37:19
0,0,524,19979,문화유산자료,고불사 권수정혜결사문,古佛寺 勸修定慧結社文,부산,기장군,대한불교조계종고불사,31,21,0001110000000,N,3412101110000,2024-04-24 10:37:20
0,0,525,19987,문화유산자료,회명사 묘법연화경 권1,晦明寺 妙法蓮華經 卷一,부산,금정구,회＊＊＊,31,21,0001120000000,N,3412101120000,2024-04-24 10:37:20
0,0,526,19977,문화유산자료,박주부 초상,朴主簿 肖像,부산,영도구,국립해양박물관,31,21,0001130000000,N,3412101130000,2022-08-29 18:04:12
0,0,527,20305,문화유산자료,현수제승법수,賢首諸乘法數,부산,부산진구,대＊＊＊,31,21,0001140000000,N,3412101140000,2022-08-29 18:04:12
0,0,528,20263,문화유산자료,법어,法語,부산,해운대구,정＊＊＊,31,21,0001150000000,N,3412101150000,2022-08-29 18:04:12
0,0,529,20391,문화유산자료,법집별행록절요병입사기,法集別行錄節要幷入私記,부산,사상구,안＊＊＊,31,21,0001160000000,N,3412101160000,2022-08-29 18:04:12
0,0,530,20591,문화유산자료,후원한담도,後園閑談圖,부산,남구,시＊＊＊,31,21,0001170000000,N,3412101170000,2023-05-02 12:25:02
0,0,531,20628,문화유산자료,백의관음보살도,白衣觀音菩薩圖,부산,영도구,국＊＊＊,31,21,0001180000000,N,3412101180000,2023-06-02 14:25:05
0,0,532,20644,문화유산자료,불조삼경,佛祖三經,부산,기장군,대＊＊＊,31,21,0001190000000,N,3412101190000,2023-05-04 18:25:02
0,0,533,20677,문화유산자료,육경합부,六經合部,부산,기장군,대＊＊＊,31,21,0001200000000,N,3412101200000,2022-08-29 18:04:12
0,0,534,20629,문화유산자료,나전대모쌍룡문함,螺鈿玳瑁雙龍文函,부산,영도구,국＊＊＊,31,21,0001210000000,N,3412101210000,2022-12-08 11:25:04
0,0,535,20853,문화유산자료,고봉화상선요,,부산,사하구,관음사,31,21,0001220000000,N,3412101220000,2023-03-17 10:25:04
0,0,536,20843,문화유산자료,석조석가여래삼존상,石造釋迦如來三尊像,부산,기장군,안적사,31,21,0001230000000,N,3412101230000,2023-05-06 09:25:01
0,0,537,20855,문화유산자료,불설북두칠성연명경,,부산,사하구,관음사,31,21,0001240000000,N,3412101240000,2023-03-17 10:25:04
0,0,538,20851,문화유산자료,삼세불도,三世佛圖,부산,부산진구,가야사,31,21,0001250000000,N,3412101250000,2023-01-06 09:25:01
0,0,539,20950,문화유산자료,반송 삼절사 고문서 일괄,盤松 三節祠 古文書 一括,부산,해운대구,남＊＊＊,31,21,0001260000000,N,3412101260000,2024-01-23 21:25:01
0,0,540,21094,문화유산자료,칠성여래도,七星如來圖,부산,해운대구,덕＊＊＊,31,21,0001270000000,N,3412101270000,2024-04-24 10:37:20
0,0,541,21052,문화유산자료,대불정여래밀인수증요의제보살만행수능엄경(언해) 권1,大佛頂如來宻因修證了義諸菩薩萬行首楞嚴經(諺解) 卷1,부산,동래구,청룡사,31,21,0001280000000,N,3412101280000,2023-07-05 11:25:01
0,0,542,21188,문화유산자료,계초심학인문,誡初心學人文,부산,동래구,,31,21,0001290000000,N,3412101290000,2023-10-06 12:25:01
0,0,543,21234,문화유산자료,아미타여래회도,,부산,사하구,정＊＊＊,31,21,0001300000000,N,3412101300000,2024-01-10 16:25:02
0,0,544,21468,문화유산자료,쌍학흉배,雙鶴胸背,부산,서구,이＊＊＊,31,21,0001310000000,N,3412101310000,2024-09-13 12:25:02
0,0,545,21638,문화유산자료,삼광사 경장,三光寺 經欌,부산,부산진구,삼＊＊＊,31,21,0001320000000,N,3412101320000,2025-04-06 07:55:02
0,0,546,22159,문화유산자료,대혜보각선사서(2025),大慧普覺禪師書(2025),부산,기장군,대＊＊＊,31,21,0001330000000,N,3412601160003,2026-01-16 14:55:01
0,0,547,22115,문화유산자료,마하사 조왕도,摩訶寺 竈王圖,부산,연제구,마＊＊＊,31,21,0001340000000,N,3412509020002,2026-01-16 15:25:14
0,0,548,22163,문화유산자료,범어사 청련암 석조여래좌상,,부산,금정구,청＊＊＊,31,21,0001350000000,N,3412601290001,2026-01-29 16:55:01
0,0,549,21614,시도자연유산,몰운대,沒雲臺,부산,사하구,사하구,55,21,0000010000000,N,2552100010000,2025-04-10 14:55:03
0,0,550,21615,시도자연유산,신선대,神仙臺,부산,남구,부산광역시 남구청,55,21,0000020000000,N,2552100020000,2025-04-10 14:55:06
0,0,551,21616,시도자연유산,가덕도 동백군락,加德島 冬柏群落,부산,강서구,강서구,55,21,0000030000000,N,2552100030000,2025-04-16 13:55:02
0,0,552,21617,시도자연유산,해운대 동백섬,海雲臺冬栢섬,부산,해운대구,해운대구,55,21,0000040000000,N,2552100040000,2025-04-10 14:55:10
0,0,553,21619,시도자연유산,기장 죽성리해송,機張 竹城里海松,부산,기장군,기장군,55,21,0000050000000,N,2552100050000,2025-04-10 14:55:05
0,0,554,21620,시도자연유산,망산도·유주암,望山島·維舟巖,부산,강서구,강서구,55,21,0000060000000,N,2552100060000,2025-04-16 13:55:02
0,0,555,21621,시도자연유산,기장 동부리 회화나무,機張 東部里 槐花나무,부산,기장군,기장군,55,21,0000070000000,N,2552100070000,2026-01-16 15:25:10
0,0,556,21622,시도자연유산,금정산 금샘,金井山 金井,부산,금정구,금정구,55,21,0000080000000,N,2552100080000,2025-04-10 14:55:09
35.1048520841505,129.019347796782,557,14865,국가등록문화유산,부산 임시수도 정부청사,釜山 臨時首都 政府廳舍,부산,서구,동＊＊＊,79,21,0000410000000,N,4412100410000,2025-10-10 22:25:03
35.181110,129.200456,558,14866,국가등록문화유산,부산 송정역,釜山 松亭驛,부산,해운대구,한＊＊＊,79,21,0003020000000,N,4412103020000,2025-12-07 00:25:02
35.1057012154713,129.032321303711,559,14867,국가등록문화유산,부산 복병산배수지,釜山 伏兵山配水池,부산,중구,부산광역시 상수도사업본부,79,21,0003270000000,N,4412103270000,2025-10-10 22:25:03
35.115118692473,129.013427408069,560,14868,국가등록문화유산,부산 구 경남상업고등학교 본관,釜山 舊 慶南商業高等學校 本館,부산,서구,부산 부경고등학교,79,21,0003280000000,N,4412103280000,2025-10-10 22:25:03
35.0994140074141,129.023229545368,561,14869,국가등록문화유산,부산 구 남선전기 사옥,釜山 舊 南鮮電氣 社屋,부산,서구,한＊＊＊,79,21,0003290000000,N,4412103290000,2025-10-10 22:25:03
35.125661,129.042676,562,14870,국가등록문화유산,부산 수정동 일본식 가옥,釜山 水晶洞 日本式 家屋,부산,동구,문화유산국민신탁,79,21,0003300000000,N,4412103300000,2025-10-10 21:25:02
35.121881,129.041874,563,14871,국가등록문화유산,부산 초량동 일본식 가옥,釜山 草梁洞 日本式 家屋,부산,동구,(재)일맥문화재단,79,21,0003490000000,N,4412103490000,2025-06-26 18:46:12
35.1279353413853,129.097426269167,564,14872,국가등록문화유산,부산 재한유엔기념공원,釜山 在韓UN紀念公園,부산,남구,재＊＊＊,79,21,0003590000000,N,4412103590000,2025-12-06 23:25:02
35.1869238458096,129.041076789424,565,14873,국가등록문화유산,부산 구 성지곡수원지,釜山 舊 聖知谷水源池,부산,부산진구,부산광역시,79,21,0003760000000,N,4412103760000,2025-10-10 21:55:03
35.1472758,129.0532073,566,14874,국가등록문화유산,디젤전기기관차 2001호,디젤電氣機關車 2001號,부산,부산진구,한국철도공사,79,21,0004160000000,N,4412104160000,2025-06-26 18:46:11
0,0,567,14875,국가등록문화유산,광복군가집 제1집,光復軍歌集 第1集,부산,부산진구,한＊＊＊,79,21,0004740000000,N,4412104740000,2025-06-26 18:02:49
0,0,568,14876,국가등록문화유산,부산 전차,釜山 電車,부산,서구,동아대학교,79,21,0004940000000,N,4412104940000,2025-07-30 08:55:03
0,0,569,14877,국가등록문화유산,해양조사연보,海洋調査年報,부산,기장군,국립수산과학원,79,21,0005540000000,N,4412105540000,2025-06-26 18:46:12
35.1207457079901,129.019768123255,570,14878,국가등록문화유산,부산 경남고등학교 덕형관,釜山 慶南高等學校 德馨館,부산,서구,경남고등학교,79,21,0005680000000,N,4412105680000,2026-03-15 09:25:02
35.1034413299715,129.030631578583,571,14879,국가등록문화유산,대한성공회 부산주교좌성당,大韓聖公會 釜山主敎座聖堂,부산,중구,(재)대한성공회유지재단,79,21,0005730000000,N,4412105730000,2025-10-10 22:25:04
35.2322948234218,129.081235491421,572,16355,국가등록문화유산,부산대학교 구 본관,釜山大學校 舊 本館,부산,금정구,부산대학교,79,21,0006410000000,N,4412106410000,2025-06-26 18:02:48
35.2304326121144,129.082340724775,573,16356,국가등록문화유산,부산대학교 무지개문 및 구 수위실,釜山大學校 무지개門 및 舊 守衛室,부산,금정구,부산대학교,79,21,0006420000000,N,4412106420000,2025-06-26 18:02:47
35.116353,129.039152,574,16390,국가등록문화유산,부산 구 백제병원,釜山 舊 百濟病院,부산,동구,김＊＊＊,79,21,0006470000000,N,4412106470000,2025-06-26 18:02:48
35.125612,129.069796,575,17398,국가등록문화유산,부산 우암동 소막마을 주택,釜山 牛岩洞 소幕마을 住宅,부산,남구,부산광역시 남구청,79,21,0007150000000,N,4412107150000,2025-12-06 23:25:03
35.1977994474476,129.090018255492,576,19513,국가등록문화유산,부산 구 동래역사,釜山 舊 東萊驛舍,부산,동래구,동래구,79,21,0007530000000,N,4412107530000,2025-10-10 21:55:03
0,0,577,19848,국가등록문화유산,"대한민국임시정부 특발, 추조, 편지 및 소봉투",,부산,서구,동아대학교 석당박물관,79,21,0007740000300,N,4412107740300,2025-08-22 10:25:03
0,0,578,19999,국가등록문화유산,구 부산나병원기념비,,부산,동구,한＊＊＊,79,21,0007810000000,N,4412107810000,2025-06-16 14:55:07
0,0,579,21767,국가등록문화유산,부산 범어사 괘불도 및 괘불함,,부산,금정구,대＊＊＊,79,21,0008660000000,N,4412503060001,2025-06-27 13:25:02
0,0,580,21901,국가등록문화유산,독립운동가 서영해 관련 자료,,부산,남구,부＊＊＊,79,21,0008680000000,N,4412506100001,2025-08-06 20:25:03
